input, theta, theta_dot, pos, vel
"1.97295","-0.0099","-0.099","-0.099","-0.792705"
"2.508554102655","-0.01774492731","-0.0784492731","-0.177477795","-0.5339225397345"
"2.81461663057987","-0.02312179594981","-0.05376868639814","-0.23033612643372","-0.24712165127917"
"2.88512885817072","-0.02583012367761","-0.02708327727793","-0.25480116991035","0.0438624510507"
"2.73200401239544","-0.0258814850932","-0.00051361415594","-0.25045878725633","0.31662422777973"
"2.38289733952967","-0.0234833497001","0.02398135393103","-0.21911298870614","0.5517477194549"
"1.87801487359287","-0.01900954103729","0.04473808662804","-0.16448996448011","0.73403172961964"
"1.26622096104214","-0.01296047752209","0.06049063515207","-0.09182082324776","0.85331350842766"
"0.60078425221685","-0.00591688589348","0.07043591628607","-0.00734278591342","0.90485879856507"
"-0.06489584159224","0.00150910398709","0.07425989880573","0.08223823514452","0.88932062642019"
"-0.68126349740876","0.00872166233164","0.07212558344545","0.17028097716012","0.81230107041511"
"-1.20600816275688","0.01518430540069","0.06462643069048","0.25069878313121","0.68357724343528"
"-1.60668238647441","0.02045542460757","0.05271119206878","0.31837293023131","0.51607323235348"
"-1.86239808110707","0.02421420395091","0.03758779343346","0.3694641802343","0.32467269191924"
"-1.96454188218044","0.02627569607787","0.02061492126964","0.40160677673431","0.124971776782"
"-1.91652739181912","0.02659472115645","0.00319025078574","0.41397898263572","-0.06793068016773"
"-1.73267232087037","0.02525910693283","-0.01335614223614","0.40725384529912","-0.24051860545309"
"-1.4363471589173","0.02247354231175","-0.02785564621082","0.38344250335926","-0.38174813529029"
"-1.05758549241867","0.01853592178707","-0.03937620524682","0.34564943796553","-0.48368920317925"
"-0.63037232170253","0.01380847991434","-0.04727441872732","0.29776420685078","-0.54188954331771"
"-0.18983499768463","0.00868623566904","-0.05122244245296","0.24411714206233","-0.555454147653"
"0.23044760683186","0.00356528413547","-0.05120951533568","0.18912718144468","-0.52685484549328"
"0.60082644108338","-0.00118669910838","-0.04751983243856","0.13696855174084","-0.46150365293001"
"0.89749968932634","-0.00525571081649","-0.04069011708111","0.09127969010077","-0.36713864746808"
"1.10385741815459","-0.00840086179133","-0.03145150974836","0.05493296400143","-0.25308151917794"
"1.21119501899082","-0.01046698401597","-0.02066122224646","0.02987789360282","-0.12943120208708"
"1.21878809849386","-0.01138996118124","-0.00922977165265","0.0170642045962","-0.00625808021682"
"1.1333694139135","-0.01119491283233","0.00195048348907","0.01644465465473","0.1071414419767"
"0.96808991470653","-0.00998788357113","0.01207029261198","0.02705165741043","0.20287901902759"
"0.74107832563564","-0.0079421239162","0.02045759654935","0.04713668029416","0.27495806140087"
"0.47373524340272","-0.00528037245158","0.02661751464619","0.07435752837284","0.31958200512714"
"0.18890760283944","-0.00225474390793","0.03025628543651","0.10599614688043","0.33527694535981"
"-0.09091229178374","0.00087411041123","0.03128854319158","0.13918856447105","0.32283294672784"
"-0.34523122188616","0.00385696987364","0.02982859462413","0.17114902619711","0.28508149507194"
"-0.55693220685992","0.00647371987575","0.02616750002111","0.19937209420923","0.22653745943523"
"-0.71330142013078","0.0085475885451","0.02073868669348","0.22179930269332","0.1529419428278"
"-0.80665393587133","0.00995513623853","0.01407547693432","0.23694055503327","0.07074712981239"
"-0.83454084220755","0.01063156309381","0.0067642685528","0.2439445208847","-0.01341442570649"
"-0.79955260316851","0.01057127895851","-0.00060284135299","0.24261649273975","-0.09323554176628"
"-0.70876245486706","0.00982403581969","-0.00747243138821","0.23338617410489","-0.16317943183532"
"-0.57287718425536","0.00848723065405","-0.01336805165639","0.2172314103532","-0.2188353559425"
"-0.40517949773347","0.0066952270268","-0.01792003627254","0.19556671011489","-0.25716495215642"
"-0.22035557469581","0.00460670380866","-0.02088523218138","0.1701073798514","-0.27662886010444"
"-0.03330316077318","0.00239111298074","-0.02215590827923","0.14272112270106","-0.27719288758071"
"0.14198989219609","0.00021531643924","-0.02175796541501","0.11527902683057","-0.2602219694853"
"0.29341846206777","-0.00176861891598","-0.01983935355215","0.08951705185153","-0.22827790358367"
"0.4115228772925","-0.00343364531526","-0.01665026399287","0.06691753939675","-0.18484283681858"
"0.49000007805431","-0.00468536150952","-0.01251716194257","0.04861809855171","-0.13399440064496"
"0.52594344729351","-0.00546666478616","-0.0078130327664","0.03535265288785","-0.08006011190916"
"0.51981311691377","-0.00575929727328","-0.00292632487126","0.02742670180885","-0.02727819909869"
"0.47515843649397","-0.0055823962179","0.00176901055381","0.02472616009808","0.02051042654169"
"0.39813112637416","-0.00498837245307","0.00594023764838","0.0267566923257","0.06011843491369"
"0.29684039436391","-0.00405661621742","0.00931756235646","0.03270841738216","0.08920129000094"
"0.18060932299555","-0.00288565472981","0.01170961487611","0.04153934509225","0.10637020940049"
"0.05919487803726","-0.00158445574519","0.0130119898462","0.0520699958229","0.11122599511021"
"-0.05796791685716","-0.00026358454764","0.01320871197548","0.06308136933881","0.10431694347339"
"-0.16244326531408","0.00097311841996","0.012367029676","0.07340874674268","0.08702944750725"
"-0.24734873127999","0.0020357589766","0.01062640556642","0.0820246620459","0.06142427990418"
"-0.30775397693867","0.00285405305601","0.0081829407941","0.08810566575641","0.03003463941127"
"-0.3409057314464","0.00338112503162","0.00527071975611","0.09107909505812","-0.00435628012748"
"-0.34627484714841","0.00359529333224","0.00214168300616","0.0906478233255","-0.03894020204105"
"-0.32543480964665","0.00349985625222","-0.00095437080021","0.08679274332344","-0.0710942809853"
"-0.28179290578935","0.00312103841539","-0.00378817836833","0.07975440950589","-0.09856262875439"
"-0.2202046612422","0.00250438332699","-0.00616655088392","0.06999670925921","-0.11959746859106"
"-0.1465086139174","0.00170997219554","-0.00794411131458","0.0581565598687","-0.13305235529689"
"-0.0670217253701","0.00080690887597","-0.00903063319565","0.0449843766943","-0.13842400428093"
"0.01196425827286","-0.00013246651703","-0.00939375392999","0.03128040027049","-0.13584333841084"
"0.08464816869423","-0.00103818606555","-0.00905719548522","0.01783190976782","-0.12602008815731"
"0.14611471418445","-0.00184768100033","-0.00809494934777","0.00535592104024","-0.11014841585729"
"0.19263542796464","-0.00250989592309","-0.00662214922766","-0.00554877212963","-0.08978338890225"
"0.22185974033863","-0.00298825078799","-0.00478354864899","-0.01443732763095","-0.06669958097936"
"0.23288992967515","-0.00326231399863","-0.00274063210641","-0.02104058614791","-0.04274359220206"
"0.22624278076539","-0.0033281555556","-0.00065841556963","-0.02527220177591","-0.0196918782035"
"0.20370898674476","-0.00319744944235","0.00130706113252","-0.02722169771806","0.00087593925301"
"0.1681281256762","-0.00289548230665","0.003019671357","-0.02713497973201","0.0176799924281"
"0.1231020226545","-0.00245829535048","0.00437186956162","-0.02538466048163","0.02981339476927"
"0.0726722343612","-0.00192923429932","0.00529061051164","-0.02243313439947","0.0367824842577"
"0.02098819656395","-0.00135520640332","0.00574027895996","-0.01879166845796","0.03851347907152"
"-0.0280086501282","-0.0007829435667","0.00572262836625","-0.01497883402987","0.03532747926798"
"-0.07086245725274","-0.00025554862612","0.00527394940578","-0.01148141358234","0.02788795875003"
"0.06767555677145","0.00019043924922","0.00445987875342","-0.00872050566609","0.03437663483967"
"0.18675200460014","0.00069805466604","0.00507615416821","-0.00531721881696","0.05270806895129"
"0.27724887881766","0.00138885456351","0.00690799897469","-0.00009911999079","0.07990587614354"
"0.33288170420649","0.00235549316984","0.00966638606333","0.00781156174742","0.11239498780276"
"0.35046149970311","0.00365698390966","0.01301490739812","0.0189386655399","0.14631718789504"
"0.32990790387856","0.00531680578502","0.0165982187536","0.03342406714151","0.17784480640395"
"0.27403047725062","0.00732378915096","0.02006983365948","0.0510307029755","0.20346940606497"
"0.18811117815188","0.00963551412775","0.02311724976788","0.07117417417593","0.22024582981951"
"0.07933338689113","0.0121837875996","0.02548273471847","0.09297851132806","0.22597671021042"
"-0.04388903291263","0.01488164177939","0.02697854179787","0.11535020563889","0.21932803981706"
"-0.17262559094464","0.01763122459728","0.02749582817892","0.13706368158078","0.19987220032442"
"-0.29812983657479","0.02033193146618","0.02700706868902","0.1568510294129","0.1680604946637"
"-0.4124757619105","0.02288815706556","0.02556225599379","0.1734890183846","0.12513231352601"
"-0.50908733179717","0.02521611890829","0.02327961842727","0.18587711742368","0.07297225721104"
"-0.58312954646483","0.02724931300029","0.02033194092007","0.19310137088757","0.01392957999244"
"-0.63174200761375","0.02894229524984","0.0169298224955","0.19448039930682","-0.04938391656886"
"-0.82660902850848","0.03027262873818","0.01330333488335","0.18959139156651","-0.13155098025402"
"-0.96613075868149","0.03107020970419","0.0079758096601","0.17656784452136","-0.22684854631963"
"-1.04311297247112","0.03121811972611","0.00147910021927","0.15410983843572","-0.32889135810354"
"-1.05552991173398","0.03065751406813","-0.00560605657985","0.12154959398347","-0.4311554356959"
"-1.00630184149685","0.02938784280944","-0.01269671258691","0.07886520584957","-0.52747406548863"
"-0.90272141594076","0.02746272561897","-0.01925117190471","0.0266452733662","-0.61247146642782"
"-0.75559683256325","0.02498210057604","-0.02480625042926","-0.03398940181016","-0.68190643501987"
"-0.57819586748503","0.02208149925707","-0.02900601318973","-0.10149813887712","-0.73290695741817"
"-0.38508359111136","0.01891945209218","-0.03162047164892","-0.17405592766152","-0.76408624695513"
"-0.19094774982798","0.01566409425929","-0.03255357832885","-0.24970046611008","-0.77554015946837"
"-0.0094999215711","0.01248002438789","-0.03184069871401","-0.32647894189745","-0.7687347500308"
"0.14747144196019","0.00951637351749","-0.02963650870402","-0.4025836821505","-0.74630025833447"
"0.27083675315433","0.00689688269155","-0.0261949082594","-0.47646740772561","-0.71175358043569"
"0.35461044524878","0.00471258072008","-0.0218430197147","-0.54693101218875","-0.66917500010646"
"0.39616763792689","0.00301741782628","-0.01695162893801","-0.61317933719928","-0.62286648631271"
"0.39619563201465","0.00182696570816","-0.01190452118118","-0.67484311934424","-0.57701825824811"
"0.35840300272351","0.00112005887732","-0.00706906830836","-0.73196792691081","-0.53540777539328"
"0.28902541353663","0.00084304279487","-0.00277016082454","-0.78497329667474","-0.50115115628569"
"0.19617953858407","0.00091612494972","0.00073082154855","-0.83458726114702","-0.47652169086442"
"0.08912404487341","0.0012412053046","0.00325080354876","-0.8817629085426","-0.46284406946844"
"-0.0225107746671","0.00171049776955","0.00469292464946","-0.92758447141998","-0.46046670624046"
"-0.129465250782","0.00221524538909","0.00504747619541","-0.97317067533778","-0.46880856425626"
"-0.22351138986906","0.00265387537977","0.00438629990684","-1.01958272319915","-0.4864716176006"
"-0.29798951403319","0.00293902901474","0.00285153634968","-1.06774341334161","-0.51140585282792"
"-0.3481896363912","0.0030030257405","0.00063996725757","-1.11837259277158","-0.54111075793876"
"-0.3715604776045","0.00280146902409","-0.00201556716409","-1.17194255780751","-0.57285569811982"
"-0.36774306311681","0.00231486055406","-0.00486608470023","-1.22865527192138","-0.6039014474503"
"-0.33843908691226","0.00154824694458","-0.00766613609479","-1.28844151521896","-0.63170634166703"
"-0.28713576013276","0.00052906743796","-0.01019179506629","-1.35098044304399","-0.65410285426363"
"-0.21871794917872","-0.00069650749826","-0.01225574936218","-1.41573662561609","-0.66943362063887"
"-0.13900455012561","-0.00206836568341","-0.01371858185143","-1.48201055405934","-0.67663973944504"
"-0.05424900116359","-0.00351793362356","-0.01449567940154","-1.5489978882644","-0.67529824216695"
"0.02935638669777","-0.00497389088082","-0.01455957257258","-1.61585241423892","-0.6656096210755"
"0.1061357521785","-0.00636767714754","-0.01393786266725","-1.6817477667254","-0.6483399496469"
"0.17131376726939","-0.00763839804815","-0.01270720900604","-1.74593342174044","-0.62472517342349"
"0.2213051120984","-0.00873680881313","-0.0109841076499","-1.80778121390937","-0.59634741047941"
"0.25389468550787","-0.00962814663084","-0.00891337817706","-1.86681960754683","-0.56499446782383"
"0.26830306808534","-0.01029368453534","-0.00665537904503","-1.92275405986139","-0.53251421633706"
"0.26514067086893","-0.01073098380592","-0.00437299270577","-1.97547296727876","-0.5006750070868"
"0.24626201998128","-0.01095292015384","-0.00221936347919","-2.02503979298035","-0.4710420550178"
"0.2145382147795","-0.01098564457804","-0.00032724424198","-2.07167295642711","-0.44487781298967"
"0.17357036896877","-0.01086570724349","0.00119937334545","-2.11571585991309","-0.4230719979629"
"0.12736957742947","-0.01063661837571","0.00229088867786","-2.15759998771142","-0.40610432024032"
"0.08002959065759","-0.01034514216115","0.00291476214559","-2.19780431541521","-0.39404031797216"
"0.03541702763326","-0.01003761807244","0.00307524088713","-2.23681430689445","-0.38655821202911"
"-0.00309913920568","-0.00975658071873","0.00281037353704","-2.27508356988534","-0.38300254382939"
"-0.03286158021897","-0.00953790755967","0.00218673159062","-2.31300082172445","-0.38245867641299"
"-0.22457028263416","-0.0094086680492","0.00129239510465","-2.35086423068933","-0.40109111791228"
"-0.37461188772403","-0.00955655814791","-0.00147890098709","-2.39057225136265","-0.43454139550556"
"-0.4729726207876","-0.01012693943089","-0.00570381282972","-2.4335918495177","-0.47749324362926"
"-0.51426794457319","-0.01121519202051","-0.01088252589626","-2.480863680637","-0.52414510565029"
"-0.49780762948333","-0.01286333634163","-0.01648144321122","-2.53275404609637","-0.56868441754212"
"-0.42730749530851","-0.01506086584349","-0.02197529501856","-2.58905380343304","-0.60572832289755"
"-0.31029476968142","-0.01774942433633","-0.02688558492842","-2.6490209073999","-0.63070051663672"
"-0.15727336441484","-0.02083070259647","-0.03081278260143","-2.71146025854694","-0.64012084791183"
"0.01927159522449","-0.02417673505419","-0.03346032457712","-2.77483222249021","-0.63179247991027"
"0.20594445223697","-0.02764165837728","-0.03464923323092","-2.83737967800132","-0.60488010988747"
"0.38949997291408","-0.03107395302591","-0.0343229464863","-2.89726280888018","-0.55988131149718"
"0.55781649932258","-0.03432822374838","-0.03254270722472","-2.9526910587184","-0.49850084844995"
"0.70071538647448","-0.03727567745568","-0.02947453707302","-3.00204264271495","-0.42344430131801"
"0.81057698937762","-0.03981261446119","-0.02536937005504","-3.04396362854543","-0.33815215936706"
"0.88272216658374","-0.04186644602171","-0.02053831560521","-3.07744069232277","-0.24649842111502"
"0.91554792071719","-0.04339896999505","-0.01532523973338","-3.10184403601316","-0.15247864483215"
"0.91042487460873","-0.04440685940015","-0.01007889405099","-3.11693942185154","-0.05991137092296"
"0.8713814091178","-0.0449195288773","-0.00512669477156","-3.12287064757291","0.02782588369805"
"0.80461333477417","-0.04499472681144","-0.0007519793414","-3.12011588508681","0.10800895833849"
"0.71786811380947","-0.04471234461462","0.00282382196822","-3.1094229982113","0.17871568013605"
"0.61975842077017","-0.04416703151363","0.00545313100987","-3.09173014587783","0.23890436541171"
"0.51906111624556","-0.04346024935278","0.00706782160849","-3.06807861370207","0.28842143338215"
"0.42405473800896","-0.04269239763632","0.00767851716458","-3.03952489179724","0.32794269284922"
"0.34194191528788","-0.04195558826491","0.00736809371414","-3.00705856520516","0.35885745744952"
"0.27839345182749","-0.04132755929534","0.00628028969573","-2.97153167691766","0.38310822805777"
"0.23723913322967","-0.04086709710956","0.00460462185778","-2.93360396233994","0.40300105910016"
"0.22031760849321","-0.04061119767874","0.00255899430822","-2.89370685748903","0.42100280935848"
"0.22748499154792","-0.0405740518054","0.00037145873335","-2.85202757936254","0.43954128041969"
"0.25677006905811","-0.04074779766103","-0.00173745855622","-2.80851299260099","0.4608228745213"
"0.30465399074711","-0.04110485681259","-0.00357059151564","-2.76289152802338","0.4866800448508"
"0.36644467475639","-0.04160156564525","-0.00496708832664","-2.71471020358315","0.51845771187793"
"0.43671127961109","-0.04218273873141","-0.00581173086159","-2.66338289010723","0.55694426272026"
"0.50974213892711","-0.04278675777366","-0.00604019042244","-2.60824540809793","0.60234903398577"
"0.57999045878581","-0.04335077010277","-0.00564012329115","-2.54861285373334","0.65432458952449"
"0.64247556693566","-0.04381560265292","-0.00464832550152","-2.48383471937041","0.71202890032281"
"0.69311313168997","-0.04413004695207","-0.00314444299152","-2.41334385823845","0.77421992448858"
"0.72895496398483","-0.04425424227199","-0.00124195319913","-2.33669608571408","0.83937322164218"
"0.74832713099876","-0.0441619707724","0.00092271499586","-2.25359813677151","0.90581220252563"
"0.75086347502064","-0.04384177272101","0.00320198051391","-2.16392272872147","0.97184042800244"
"0.73743960765217","-0.0432968841304","0.00544888590609","-2.06771052634923","1.03586598448763"
"0.71001947280362","-0.04254408642548","0.0075279770492","-1.96515979388495","1.09650927192312"
"0.67143218967973","-0.04161163206495","0.00932454360527","-1.85660537596457","1.15268739817186"
"0.62510078353955","-0.04053646680762","0.01075165257332","-1.74248932354555","1.2036706025441"
"0.57474642253763","-0.03936100559157","0.01175461216055","-1.62332593389369","1.24910853877242"
"0.52409189046","-0.03812973356922","0.0123127202235","-1.49966418855522","1.28902664243069"
"0.47658636665317","-0.03688589720032","0.01243836368893","-1.37205055095458","1.3237950126717"
"0.43517040699264","-0.03566852447475","0.0121737272557","-1.24099484470008","1.35407410324425"
"0.40209566908039","-0.03450997162262","0.01158552852136","-1.1069415084789","1.38074292911985"
"0.37880880883979","-0.03343414031624","0.01075831306381","-0.97024795849603","1.40481638071263"
"0.36590352948849","-0.03245544917949","0.00978691136749","-0.83117113680548","1.42735856985435"
"0.36313941576462","-0.03157858135849","0.00876867820998","-0.6898626383899","1.44939892573227"
"0.71452132627343","-0.03079897071681","0.00779610641684","-0.54637214474241","1.50635706910229"
"1.01294479548849","-0.02976238708588","0.01036583630926","-0.39724279490128","1.59258797796012"
"1.23619392628353","-0.02817153262071","0.0159085446517","-0.23957658508323","1.70028149080887"
"1.36933186376598","-0.02580402003065","0.02367512590062","-0.07124871749315","1.82021186227738"
"1.40528514245633","-0.02252347795108","0.03280542079564","0.10895225687231","1.94253825790024"
"1.34480179496924","-0.01828345574116","0.04240022209921","0.30126354440443","2.05759305481816"
"1.19583160100578","-0.01312435835767","0.05159097383497","0.50496525683143","2.15660028437055"
"0.97241626537718","-0.00716414283137","0.05960215526297","0.71846868498411","2.23227590806457"
"0.69320735653838","-0.00058391822453","0.0658022460684","0.93946399988251","2.27927388463776"
"0.37974895910744","0.00639011314891","0.06974031373442","1.16511211446164","2.29445604170213"
"0.05466956465568","0.01350676770345","0.07116654554536","1.39226326259015","2.27697843775067"
"-0.26007598249127","0.02051040381058","0.0700363610713","1.61768412792747","2.22820105512404"
"-0.54478756306202","0.0271603024594","0.06649898648823","1.83827603238475","2.1514402882666"
"-0.78331927788347","0.0332475486713","0.06087246211901","2.05126862092314","2.05159395759558"
"-0.96402122291255","0.03860834061538","0.0536079194408","2.25437642272511","1.93467589572837"
"-1.08027947154139","0.04313299617076","0.04524655555377","2.44590933640222","1.80730118961695"
"-1.13064321068187","0.04677029892559","0.03637302754831","2.62483215417429","1.67616385665259"
"-1.11855943031887","0.04952719752266","0.02756898597071","2.7907723759829","1.54754627505418"
"-1.05176323113323","0.05146421626556","0.01937018742896","2.94397945721326","1.42689448919032"
"-0.94139391111896","0.05268722746292","0.01223011197364","3.08524201164311","1.31848615318652"
"-0.80092228169963","0.05333645910627","0.0064923164335","3.21577214080857","1.22520906348469"
"-0.64498250344008","0.05357375360233","0.00237294496063","3.33706783809355","1.14845872250583"
"-0.48820207747355","0.05356914971535","-0.00004603886978","3.45076525162163","1.08815392753342"
"-0.34411699719514","0.05348783262214","-0.00081317093215","3.55849249044744","1.04286068853857"
"-0.22424645238723","0.05347839411545","-0.00009438506689","3.66173569861276","1.01000743641446"
"-0.1373842535416","0.05366317961361","0.00184785498159","3.76172643481779","0.98616893669616"
"-0.0891439200397","0.05413128754367","0.00468107930056","3.85935715955071","0.96739285532523"
"-0.08177287053641","0.05493454884034","0.00803261296678","3.95512905222791","0.94954163971833"
"-0.11423005677375","0.05608656933443","0.01152020494086","4.04913367456002","0.92862321764377"
"-0.18250223010451","0.05756468439776","0.01478115063326","4.14106737310676","0.90108676245689"
"-0.28011810468062","0.0593144698625","0.01749785464745","4.23027496258999","0.86406408436426"
"-0.39880793179505","0.06125628915934","0.01941819296838","4.31581730694205","0.81554265034111"
"-0.52924899681847","0.06329324302107","0.02036953861727","4.39655602932582","0.75446232415585"
"-0.66183547043725","0.06531982976184","0.02026586740772","4.47124779941725","0.68073415387057"
"-0.78741368801418","0.06723062140404","0.01910791642204","4.53864048065043","0.59518544353044"
"-0.89793075736837","0.06892830996947","0.01697688565429","4.59756383955995","0.4994405133583"
"-0.98695459675989","0.07033057169414","0.01402261724663","4.64700845038242","0.39575064854873"
"-1.05003607993936","0.07137532461917","0.01044752925038","4.68618776458874","0.28678953406931"
"-1.08489780849326","0.07202410499678","0.0064878037761","4.71457992846161","0.17543185787929"
"-1.09144802381783","0.07226344748166","0.00239342484871","4.73194768239166","0.06453273691871"
"-1.07163126220864","0.07210431061976","-0.0015913686189","4.73833642334661","-0.04327571667134"
"-1.02913863984967","0.07157973129026","-0.00524579329505","4.73405212739615","-0.14575682348959"
"-0.9690094228072","0.07074100998887","-0.00838721301392","4.71962220187068","-0.24120019753542"
"-0.89716132121882","0.06965281611235","-0.01088193876521","4.69574338231467","-0.32850432768194"
"-0.81988953295073","0.06838765447094","-0.01265161641405","4.66322145387416","-0.4072082377002"
"-0.74337398922963","0.06702014979823","-0.01367504672716","4.62290783834184","-0.47747355424616"
"-0.67323079399795","0.06562158653126","-0.01398563266968","4.57563795647147","-0.54002189810349"
"-0.61413796571952","0.064255090579","-0.01366495952253","4.52217578855922","-0.59603547569441"
"-0.56955789698771","0.06297176418232","-0.01283326396686","4.46316827646548","-0.64703091063623"
"-0.54157014566196","0.06180799172024","-0.01163772462081","4.39911221631249","-0.69471761609607"
"-0.53081899502334","0.06078403163351","-0.01023960086725","4.33033517231898","-0.74085233943744"
"-0.53657137801698","0.0599039058234","-0.00880125810116","4.25699079071467","-0.78710095384476"
"-0.55687288447049","0.05915650073172","-0.00747405091681","4.17906779628404","-0.83491723275337"
"-0.58878317521346","0.05851771054921","-0.00638790182503","4.09641099024146","-0.88544637794718"
"-0.6286675810366","0.0579533878842","-0.00564322665014","4.00875179882469","-0.93945867227137"
"-0.67251917131376","0.05742282423982","-0.00530563644381","3.91574539026982","-0.99731600268003"
"-0.71628517358978","0.05688246338757","-0.00540360852248","3.8170111060045","-1.05897136001221"
"-0.75617319042818","0.05628955490243","-0.0059290848514","3.71217294136329","-1.1239989654549"
"-0.78891593482218","0.05560548073652","-0.00684074165915","3.60089704378325","-1.19165056928257"
"-0.81197782371435","0.05479853130273","-0.00806949433784","3.48292363742428","-1.26093184596118"
"-0.82369229064398","0.05384596458033","-0.00952566722406","3.35809138467412","-1.33069175656597"
"-0.82332462797996","0.05273524703356","-0.01110717546761","3.22635290077409","-1.3997173017983"
"-0.81106107391061","0.05146444321014","-0.01270803823429","3.08778088789606","-1.46682623617138"
"-0.78793028415575","0.05004178650066","-0.01422656709475","2.94256509051509","-1.53095100222524"
"-0.75566790513037","0.04848452200066","-0.01557264499998","2.79100094129479","-1.59120828271603"
"-0.71653841549416","0.04681715989802","-0.01667362102639","2.63347132130591","-1.64695004143828"
"-0.67313055192014","0.04506931158027","-0.01747848317749","2.47042326720352","-1.69779359621591"
"-0.8006434170099","0.04327329920054","-0.01796012379734","2.30234170117814","-1.76088000195475"
"-1.07143768580663","0.0412909574823","-0.01982341718245","2.12801458098462","-1.85041497051586"
"-1.27502446623418","0.03884305664245","-0.02447900839845","1.94482349890355","-1.95941326743412"
"-1.39693136999126","0.03571779155332","-0.03125265089132","1.75084158542757","-2.07951227175891"
"-1.42989050998245","0.03178168659205","-0.03936104961269","1.54496987052344","-2.20170620003956"
"-1.37385917152278","0.02698388335243","-0.04797803239621","1.32700095671953","-2.31707505519144"
"-1.23550236326871","0.02135397125593","-0.05629912096498","1.09761052625557","-2.4174545409664"
"-1.02721456784193","0.01499398900467","-0.06359982251265","0.8582825266999","-2.49600145234093"
"-0.76578663824731","0.00806561227512","-0.06928376729546","0.61117838291815","-2.54762010164225"
"-0.47084247646634","0.00077382710464","-0.07291785170479","0.35896399285556","-2.56922814827246"
"-0.1631782154611","-0.00665144454431","-0.07425271648955","0.10461040617659","-2.55985368833585"
"0.1368657284455","-0.01397425448768","-0.07322809943363","-0.14881510896866","-2.52056857860794"
"0.41088122984537","-0.02097063030746","-0.06996375819782","-0.39835139825084","-2.45427476983732"
"0.64361895761305","-0.0274443983267","-0.06473768019238","-0.64132460046474","-2.36537012637764"
"0.82389181199823","-0.0332398099476","-0.05795411620904","-0.87549624297613","-2.25932724391404"
"0.94511156439607","-0.03825026462614","-0.05010454678536","-1.09916964012362","-2.1422228150353"
"1.00544536480197","-0.04242276365701","-0.04172499030873","-1.31124969881211","-2.02025605040475"
"1.00760797099174","-0.04575807236609","-0.03335308709083","-1.51125504780218","-1.89929269280153"
"0.95833145541509","-0.04830688857083","-0.02548816204732","-1.69928502438953","-1.784466620332"
"0.86757507500631","-0.05016259016717","-0.01855701596348","-1.8759472198024","-1.67986444662805"
"0.74755275103494","-0.05145134728733","-0.0128875712016","-2.04225380001858","-1.58831052705828"
"0.61166355045091","-0.05232052337227","-0.00869176084937","-2.19949654219735","-1.5112610667426"
"0.4734115898563","-0.05292634973017","-0.00605826357902","-2.34911138780486","-1.44880729708955"
"0.34539632162515","-0.05342184092087","-0.00495491190702","-2.49254331021673","-1.39977959195614"
"0.23844308354517","-0.05394583049569","-0.00523989574814","-2.63112148982039","-1.36193748768206"
"0.16092832722498","-0.05461385985363","-0.00668029357943","-2.76595330110091","-1.33222528008274"
"0.1183355519583","-0.05551146240827","-0.00897602554643","-2.8978436038291","-1.30706947208608"
"0.11305823637783","-0.05669016820997","-0.01178705801693","-3.02724348156562","-1.28269295372744"
"0.14444654264754","-0.05816632866653","-0.01476160456563","-3.15423008398464","-1.25542136992541"
"0.20907670066359","-0.05992264440627","-0.01756315739734","-3.27851679960725","-1.2219594861598"
"0.30120697013696","-0.06191208706953","-0.01989442663267","-3.39949078873707","-1.1796191942845"
"0.41337283442488","-0.06406375041501","-0.02151663345479","-3.51627308897124","-1.12648571889917"
"0.53706716425321","-0.06629005645838","-0.02226306043365","-3.62779517514226","-1.06151414528486"
"0.66344870265518","-0.06849468326184","-0.02204626803468","-3.73288507552546","-0.98455413356649"
"0.78402421440142","-0.07058057319564","-0.02085889933792","-3.83035593474854","-0.89630617079068"
"0.8912555494857","-0.07245742086743","-0.01876847671792","-3.91909024565682","-0.79821755413421"
"0.97905196936838","-0.07404812198332","-0.01590701115898","-3.9981137835161","-0.69233018165602"
"1.04311947024721","-0.07529377905642","-0.01245657073094","-4.06665447150005","-0.58109493281474"
"1.08115149895985","-0.07615699624807","-0.00863217191653","-4.12418286984871","-0.46716883359061"
"1.09285836188573","-0.07662334201735","-0.00466345769279","-4.17043258437418","-0.35321130906613"
"1.07984479961831","-0.07670100307148","-0.00077661054132","-4.20540050397173","-0.24169471601364"
"1.04535578934526","-0.07641878571558","0.00282217355899","-4.22932828085708","-0.13474218991898"
"0.99391897098882","-0.0758227321299","0.00596053585686","-4.24266775765906","-0.03400287092091"
"0.9309177164118","-0.07497170261416","0.00851029515737","-4.24603404188023","0.05942892942948"
"0.862131551803","-0.07393232624873","0.01039376365431","-4.24015057786671","0.14504779531549"
"0.7932804138981","-0.07277374023398","0.01158586014753","-4.22579084613048","0.22292535875214"
"0.72960629909346","-0.07156252348913","0.0121121674485","-4.20372123561401","0.29365673507397"
"0.67552066230256","-0.07035818635802","0.01204337131113","-4.17464921884169","0.35827223395348"
"0.63433899071289","-0.0692095108294","0.01148675528619","-4.13918026768029","0.41812341068524"
"0.60811595612309","-0.06815195125464","0.01057559574753","-4.09778605002246","0.4747537721907"
"0.59758611265587","-0.06720621163212","0.00945739622519","-4.05078542657558","0.52976484573438"
"0.60220691082737","-0.0663780197845","0.00828191847627","-3.99833870684787","0.58468788835977"
"0.62029343532908","-0.0656590284237","0.00718991360797","-3.94045460590026","0.64087035300908"
"0.64922822905008","-0.06502869449463","0.00630333929069","-3.87700844095236","0.699384472384"
"0.68572519333757","-0.0644569263011","0.00571768193527","-3.80776937818634","0.76096314699391"
"0.72612405805022","-0.06390724613342","0.00549680167687","-3.73243402663395","0.825965921329"
"0.76669134434967","-0.06334019608521","0.00567050048204","-3.65066340042237","0.89437539655067"
"0.8039050015643","-0.06271671638316","0.00623479702056","-3.56212023616386","0.9658221427416"
"0.83470276119549","-0.06200124716867","0.00715469214484","-3.46650384403244","1.03963419743373"
"0.85667838784318","-0.06116434321726","0.00836903951414","-3.3635800584865","1.11490569424371"
"0.86821501917909","-0.06018464247183","0.00979700745427","-3.25320439475637","1.19057813921918"
"1.2135502396334","-0.05905008875782","0.01134553714008","-3.13533715897367","1.30002738179033"
"1.48728871350074","-0.05741682163651","0.01633267121315","-3.00663444817643","1.4357559793225"
"1.67016727771897","-0.05501380050089","0.02403021135619","-2.8644946062235","1.58841514730117"
"1.75113710047021","-0.05165777234272","0.03356028158167","-2.70724150664069","1.74764470587518"
"1.72759254808744","-0.04726062695547","0.04397145387253","-2.53422468075905","1.90292751362517"
"1.60495645165315","-0.04182914370829","0.05431483247176","-2.34583485691015","2.04439388365424"
"1.39569909018596","-0.03545769869108","0.06371445017212","-2.14343986242838","2.16351985383629"
"1.11790466592608","-0.02831498264316","0.07142716047924","-1.92925139689859","2.25367512189054"
"0.79352442248006","-0.02062614888191","0.0768883376125","-1.70613755983143","2.31049081291964"
"0.44646876548103","-0.01265204721241","0.07974101669499","-1.47739896935238","2.33203278133854"
"0.10069168662794","-0.00466729648958","0.07984750722829","-1.24652772399987","2.31878162218795"
"-0.22158971763228","0.00306109193365","0.07728388423233","-1.01696834340326","2.27343483420284"
"-0.50141819385727","0.01029299229035","0.07231900356698","-0.79189829481718","2.20055866647509"
"-0.72426727929428","0.0168310640948","0.06538071804451","-0.57404298683615","2.10612635188091"
"-0.88079874769469","0.02253233687811","0.05701272783306","-0.36553647799994","1.99698521359263"
"-1.13968019990383","0.02731493146705","0.04782594588946","-0.16783494185426","1.86304734146632"
"-1.29972887290464","0.03098899505897","0.03674063591921","0.0166067449509","1.7144439807612"
"-1.35732120755078","0.03345610676511","0.02467111706134","0.18633669904626","1.56156742019851"
"-1.31666165234055","0.0347099917679","0.01253885002794","0.34093187364591","1.41428558076247"
"-1.18890449975457","0.0348303476793","0.001203559114","0.4809461461414","1.28125227497939"
"-0.99082322640374","0.03397073915796","-0.0085960852134","0.60779012136436","1.16935742958922"
"-0.74315884661972","0.0323418881741","-0.01628850983861","0.72355650689369","1.08334797063135"
"-0.46879311660078","0.03019193324015","-0.02149954933947","0.83080795598619","1.02563517926496"
"-0.19089488948309","0.02778534225745","-0.024065909827","0.93234583873342","0.996289338524"
"0.06882080455833","0.02538214182671","-0.02403200430738","1.0309784832473","0.9932085255946"
"0.2915998380977","0.02321898217549","-0.02163159651225","1.12930612728116","1.01243642414842"
"0.46282722870298","0.02149331074945","-0.0172567142604","1.22953733327186","1.04859478277723"
"0.57281282961394","0.02035160467276","-0.01141706076687","1.3333482167668","1.09539011791086"
"0.61715450776665","0.01988224222409","-0.00469362448676","1.44179183843998","1.14615166750841"
"0.59668238583898","0.02011320708917","0.00230964865083","1.55526085352331","1.19435838941723"
"0.51701857291458","0.02101444630843","0.00901239219259","1.67350233407562","1.23411666281451"
"0.38781287038943","0.02250437024323","0.01489923934802","1.79567988369425","1.26055678322531"
"0.22173462668621","0.02445971232412","0.01955342080886","1.92047500523356","1.27012467806168"
"0.03331322524074","0.0267277734232","0.02268061099078","2.04621734836167","1.26075475380513"
"-0.16227575584205","0.02913996912385","0.02412195700656","2.17103206898837","1.23191963068288"
"-0.35038465452336","0.03152557961473","0.02385610490873","2.29299211242598","1.18456196892371"
"-0.51794379694489","0.03372466642593","0.02199086811209","2.41026374734943","1.12092196953999"
"-0.65431852617998","0.03559925696299","0.0187459053706","2.52123502233389","1.04428089722659"
"-0.75192350456866","0.03704209140248","0.01442834439486","2.62461883115932","0.95864573779746"
"-0.8065662206358","0.03798245850671","0.00940367104234","2.71952475920127","0.8684026583559"
"-0.81751376743741","0.03838889729221","0.00406438785492","2.8054966223785","0.7779672550286"
"-0.7872979354901","0.03826879032852","-0.00120106963691","2.88251538062633","0.69145778892931"
"-0.72129200651462","0.03766510338487","-0.00603686943646","2.95096970173033","0.61241401038855"
"-0.62710717241388","0.03665071962067","-0.01014383764199","3.0115986887588","0.54357915304328"
"-0.51386643276847","0.03532096273028","-0.01329756890391","3.06541302491009","0.486756718236"
"-0.39141873961867","0.03378499496214","-0.01535967768139","3.11360194001545","0.44274727709177"
"-0.2695560578262","0.03215680989693","-0.01628185065213","3.15743392044753","0.41136419853823"
"-0.15729126290292","0.03054651792672","-0.01610291970203","3.19815897610282","0.39152143026256"
"-0.06224609411657","0.02905255019775","-0.01493967728978","3.23691959769881","0.38138160654828"
"0.00981334869977","0.02775529335355","-0.01297256844194","3.27467637674709","0.37854912535277"
"0.0552697412956","0.02671252414749","-0.01042769206067","3.31215274015702","0.3802906082288"
"0.07276692698987","0.02595685267722","-0.00755671470266","3.34980151037167","0.3837643948455"
"0.06314628562109","0.02549521876668","-0.00461633910542","3.38779418546137","0.38624137945916"
"0.02922452919279","0.02531033035806","-0.00184888408621","3.42603208202783","0.38530141858384"
"-0.02455911319153","0.02536379661826","0.00053466260204","3.46417692246763","0.37899249307885"
"-0.09259068181966","0.02560060050974","0.00236803891479","3.50169717928244","0.3659434999661"
"-0.16858412947787","0.02595448180258","0.00353881292839","3.53792558577908","0.34542565201865"
"-0.24609753291953","0.02635376491963","0.00399283117049","3.57212272532893","0.31736164220651"
"-0.31902356151813","0.02672716663789","0.00373401718262","3.60354152790737","0.28228566963263"
"-0.3820196449918","0.02700915378016","0.00281987142268","3.631487809201","0.24126084843713"
"-0.43085025755718","0.02714448552177","0.00135331741607","3.65537263319628","0.19576321419704"
"-0.46262225516338","0.02709166189592","-0.00052823625847","3.67475319140178","0.14754335653873"
"-0.47590352141205","0.02682510142668","-0.00266560469239","3.68935998369912","0.09847757083214"
"-0.47072454663957","0.02633597798618","-0.00489123440496","3.6991092632115","0.05042034045986"
"-0.448471284166","0.02563175158401","-0.00704226402172","3.70410087691703","0.00506900863866"
"-0.41168509740374","0.02473452226904","-0.00897229314972","3.70460270877225","-0.0361501911881"
"-0.36379136707997","0.02367841437576","-0.01056107893282","3.70102383984463","-0.07216782598422"
"-0.30878206580721","0.0225062553695","-0.01172159006255","3.69387922507219","-0.1023243543051"
"-0.25087919592796","0.02126584682446","-0.01240408545046","3.68374911399599","-0.12638903035484"
"-0.19420546335948","0.02000613384974","-0.01259712974714","3.67123659999086","-0.14454568638724"
"-0.14248611657937","0.01877356468139","-0.01232569168352","3.65692657703852","-0.1573488411813"
"-0.09880183617494","0.01760889695509","-0.011646677263","3.64134904176157","-0.16565553638699"
"-0.06540733244458","0.01654465546986","-0.01064241485236","3.62494914365926","-0.17053971426757"
"-0.04362437016787","0.01560338307791","-0.00941272391943","3.60806571194677","-0.17319675414169"
"-0.03381178313891","0.01479675721125","-0.00806625866663","3.59091923328675","-0.17484596491416"
"-0.03540913927941","0.01412557504297","-0.00671182168284","3.57360948276024","-0.17663841919296"
"-0.04704548991648","0.01358054557126","-0.00545029471702","3.55612227926014","-0.17957658399268"
"-0.06670042349151","0.0131437714633","-0.00436774107968","3.53834419744487","-0.1844508605019"
"-0.09190168411567","0.01279076075304","-0.00353010710256","3.52008356225518","-0.19179652030845"
"-0.11994203816892","0.01249278070716","-0.0029798004588","3.50109570674464","-0.20187275892226"
"-0.14809789472172","0.01221935433641","-0.00273426370748","3.48111030361134","-0.21466382080521"
"-0.17383331992952","0.01194070386411","-0.00278650472302","3.45985858535162","-0.22990051459011"
"-0.19497535266113","0.01162996354992","-0.00310740314192","3.4370984344072","-0.24709904471032"
"-0.20984967825589","0.01126501423368","-0.0036494931624","3.41263562898088","-0.2656130220888"
"-0.21736945180644","0.01082983072629","-0.00435183507388","3.38633993979409","-0.28469383704856"
"-0.21707406216438","0.0103152772189","-0.00514553507385","3.35815524992628","-0.30355430489451"
"-0.20911857679942","0.00971933155574","-0.00595945663164","3.32810337374173","-0.32143061952551"
"-0.19421821617245","0.0090467630105","-0.00672568545243","3.2962817424087","-0.3376381349475"
"-0.17355523107809","0.00830832700571","-0.00738436004787","3.2628555670489","-0.35161727670583"
"-0.14865781507295","0.00751957149861","-0.007887555071","3.22804545665502","-0.36296688544607"
"-0.1212620643042","0.00669937174649","-0.0082019975212","3.19211173499586","-0.37146342302203"
"-0.09316845980615","0.00586832189835","-0.00831049848136","3.15533685611668","-0.37706563477242"
"-0.06610392459912","0.00504711320782","-0.00821208690539","3.11800735827421","-0.37990537088461"
"-0.04159929509849","0.00425502027543","-0.00792092932381","3.08039672655663","-0.38026624668561"
"-0.02089019058968","0.00350859993336","-0.00746420342074","3.04275036813476","-0.37855260327773"
"-0.00484695011034","0.00282068403614","-0.00687915897222","3.00527366041026","-0.37525177225598"
"0.00606326199169","0.00219971972629","-0.00620964309844","2.96812373495692","-0.37089292833425"
"0.01178169327105","0.00164948107238","-0.00550238653911","2.93140533505183","-0.36600582972381"
"0.01263255474668","0.00116914667648","-0.00480334395902","2.89517075790917","-0.3610825159519"
"0.00927099430213","0.00075371106649","-0.00415435609993","2.85942358882993","-0.35654459136217"
"0.00261027594737","0.00039467523254","-0.00359035833948","2.82412567428508","-0.35271811785381"
"-0.00626492515975","0.00008094489105","-0.00313730341485","2.78920658061755","-0.34981742919125"
"-0.01619167060809","-0.00020014520057","-0.00281090091624","2.75457465512762","-0.34793842196014"
"-0.02602096773395","-0.00046176600986","-0.00261620809293","2.72012875135356","-0.34706113451394"
"-0.03470226123739","-0.00071657009066","-0.00254804080794","2.68576969903668","-0.34706074929254"
"-0.04135449194167","-0.00097578157401","-0.00259211483357","2.65141068485672","-0.34772559099378"
"-0.0453194177814","-0.00124845956845","-0.00272677994435","2.61698585134834","-0.34878027686198"
"-0.04619452034508","-0.00154097708752","-0.00292517519068","2.582456603939","-0.34991192612787"
"-0.043844529587","-0.0018567385745","-0.00315761486986","2.54781532325234","-0.35079725982529"
"-0.03839225688537","-0.00219613970959","-0.00339401135083","2.51308639452964","-0.35112851291557"
"-0.0301909131228","-0.00255675492816","-0.00360615218571","2.478324671751","-0.3506363190987"
"-0.01978130589184","-0.00293372222394","-0.00376967295785","2.44361167616023","-0.3491080864969"
"-0.00783818733675","-0.00332028236088","-0.00386560136936","2.40904997559703","-0.3464008243656"
"0.0048894790366","-0.00370842125161","-0.00388138890728","2.37475629398484","-0.34244786821829"
"0.19013945739788","-0.00408956030392","-0.00381139052315","2.34085395503123","-0.32000944379632"
"0.34445163465086","-0.00428446496465","-0.0019490466073","2.30917302009539","-0.28236418589327"
"0.45713371820279","-0.00414634282082","0.00138122143827","2.28121896569196","-0.23382717221405"
"0.52140162592433","-0.00356935432985","0.00576988490971","2.25807007564277","-0.17934873789948"
"0.53460084808535","-0.00249346443639","0.0107588989346","2.24031455059072","-0.12409516571195"
"0.49810513724346","-0.00090553935447","0.01587925081922","2.22802912918524","-0.07304370033049"
"0.41692337318413","0.00116312147625","0.02068660830723","2.22079780285252","-0.03062092600877"
"0.29906488865751","0.00364237728392","0.02479255807665","2.21776633117765","-0.00040822788293"
"0.15472784140767","0.00643132064889","0.02788943364978","2.21772591661724","0.01506863853667"
"-0.00461631146106","0.00940805590079","0.02976735251893","2.21921771183237","0.01445632100519"
"-0.16716674697587","0.0124403319547","0.03032276053915","2.22064888761189","-0.00240491690244"
"-0.32169347521279","0.0153961782527","0.02955846298001","2.22041080083854","-0.0345502152547"
"-0.4583301232762","0.01815375377761","0.02757575524906","2.21699032952833","-0.08003772542977"
"-0.56920820271328","0.02060973463785","0.02455980860237","2.20906659471078","-0.1361581684468"
"-0.64889722258098","0.02268572298544","0.02075988347595","2.19558693603455","-0.19968630902043"
"-0.69463200257994","0.02433234433094","0.01646621345502","2.17581799144152","-0.26715264618822"
"-0.70632568905204","0.02553089601994","0.01198551688994","2.14936987946889","-0.33511368863154"
"-0.68638299663047","0.02629260138091","0.00761705360971","2.11619362429437","-0.40040085140828"
"-0.63934198199409","0.02665569789213","0.00363096511223","2.07655394000495","-0.4603310410936"
"-0.57138334171274","0.02668073203272","0.00025034140585","2.03098116693668","-0.51286606485394"
"-0.48975324410974","0.02644453969809","-0.0023619233462","1.98020742651614","-0.55671272861637"
"-0.40214879943325","0.02603345404067","-0.00411085657428","1.92509286638312","-0.59136048127353"
"-0.31611449727232","0.0255363007908","-0.00497153249862","1.86654817873704","-0.61705832618803"
"-0.23849363237025","0.02503771640844","-0.00498584382367","1.80545940444443","-0.63473710616318"
"-0.1749714749725","0.02461226174613","-0.0042545466231","1.74262043093427","-0.64588688259879"
"-0.1297374727997","0.02431971066858","-0.00292551077547","1.67867762955699","-0.65240176105278"
"-0.10528296105938","0.02420177840316","-0.00117932265424","1.61408985521277","-0.65640603954819"
"-0.10233960429125","0.02428042835496","0.00078649951799","1.5491056572975","-0.66007593958183"
"-0.11995296674109","0.02455776888904","0.00277340534089","1.48375813927889","-0.66547047686012"
"-0.15567597954631","0.02501743269441","0.00459663805366","1.41787656206974","-0.67438337004615"
"-0.20585927156436","0.02562722902377","0.00609796329356","1.35111260843517","-0.68822546350212"
"-0.26600980338914","0.02634277975017","0.00715550726404","1.28297828754846","-0.70794418920602"
"-0.33118623699996","0.0271117980275","0.00769018277327","1.21289181281707","-0.73398337101395"
"-0.39639902768332","0.02787864529342","0.00766847265918","1.14022745908669","-0.76628344007215"
"-0.45698518831744","0.02858880801822","0.00710162724808","1.06436539851954","-0.80431912450317"
"-0.50893172887418","0.02919296748451","0.00604159466285","0.98473780519373","-0.84716910614555"
"-0.54912746412373","0.02965038971878","0.00457422234276","0.90086806368532","-0.89361016149647"
"-0.57552966917024","0.02993143290265","0.00281043183869","0.81240065769717","-0.94222702679853"
"-0.58723936242358","0.0300190497714","0.00087616868747","0.71912018204411","-0.9915286927729"
"-0.58448622978646","0.02990924598779","-0.00109803783612","0.6209588414596","-1.04006202882382"
"-0.56853083981773","0.02961053582122","-0.00298710166571","0.51799270060604","-1.08651449251736"
"-0.54149738793379","0.02914250792859","-0.00468027892629","0.41042776584682","-1.12979908638556"
"-0.50615440912122","0.02853367195834","-0.00608835970247","0.29857765629465","-1.16911653643383"
"-0.46566350145083","0.02781879776101","-0.0071487419733","0.1828351191877","-1.20399172121457"
"-0.42331702919254","0.0270359813583","-0.00782816402711","0.06363993878746","-1.23428350692168"
"-0.38228507691364","0.02622367518847","-0.0081230616983","-0.05855412839779","-1.26016917954383"
"-0.34538977376439","0.02541790563244","-0.00805769556028","-0.18331087717263","-1.28210646512483"
"-0.31492176517697","0.02464987080243","-0.00768034830008","-0.31023941721999","-1.30077757699128"
"-0.2925094115727","0.02394406939349","-0.0070580140894","-0.43901639734212","-1.31702074237863"
"-0.27904661392113","0.02331706106885","-0.00627008324643","-0.56940145083761","-1.33175519634696"
"-0.27468038644527","0.02277690469856","-0.00540156370288","-0.70124521527596","-1.34590568302802"
"-0.27885477952598","0.02232326709458","-0.00453637603986","-0.83448987789573","-1.36033210415034"
"-0.29040381736881","0.02194814563522","-0.00375121459361","-0.96916275620661","-1.37576916484571"
"-0.48018300586688","0.02163710668516","-0.00311038950057","-1.10536390352634","-1.41002977378394"
"-0.6434847197235","0.02120013551253","-0.00436971172629","-1.24495685113095","-1.46027794801845"
"-0.94062376376384","0.02047597072279","-0.00724164789741","-1.38952436798478","-1.53973754491465"
"-1.1604650236545","0.01917125815174","-0.01304712571053","-1.54195838493133","-1.64038667183096"
"-1.28868906100427","0.01706935569197","-0.0210190245977","-1.70435666544259","-1.75285171121308"
"-1.31891008493953","0.01404084424245","-0.0302851144951","-1.87788898485269","-1.8672142025949"
"-1.25257754361706","0.01004679251796","-0.03994051724497","-2.06274319090958","-1.97379981493065"
"-1.09830292968348","0.00513505719284","-0.04911735325121","-2.25814937258772","-2.0638921097497"
"-0.87070333466476","-0.00056960333579","-0.05704660528627","-2.46247469145294","-2.13032352211867"
"-0.58888255282746","-0.00688042017222","-0.06310816836431","-2.67337672014268","-2.16790854218023"
"-0.27468871557558","-0.01356704249157","-0.06686622319346","-2.88799966581853","-2.17369832831599"
"0.04910601571537","-0.02037587923044","-0.06808836738871","-3.10319580032181","-2.14705074346129"
"0.36056290254556","-0.02705070501336","-0.06674825782919","-3.31575382392448","-2.08952394577212"
"0.64014527616764","-0.03335198098334","-0.06301275969986","-3.52261669455592","-2.00461417869764"
"0.87199555012747","-0.0390735486037","-0.05721567620361","-3.72107349824699","-1.89736848189792"
"1.0448468570606","-0.04405564654623","-0.04982097942524","-3.90891297795488","-1.77391011137288"
"1.15252802815057","-0.04819354967482","-0.04137903128593","-4.08453007898079","-1.64091820744409"
"1.19405381233648","-0.05144150485832","-0.03247955183499","-4.24698098151776","-1.505103644136"
"1.17332361439281","-0.05381201106427","-0.02370506205948","-4.39598624228722","-1.37272024625536"
"1.09847941610832","-0.05537083343939","-0.01558822375125","-4.5318855466665","-1.24914510218198"
"0.9809951885075","-0.05622842966172","-0.00857596222327","-4.65555091178252","-1.13855413230941"
"0.83458481332926","-0.05652868420612","-0.00300254544397","-4.76826777088115","-1.04371010965339"
"0.67402271772914","-0.05643598130892","0.000927028972","-4.87159507173684","-0.96587073678394"
"0.51397109776338","-0.05612169625616","0.00314285052761","-4.96721627467845","-0.90481491963976"
"0.36790033118266","-0.05575114976607","0.00370546490091","-5.05679295172278","-0.8589767373251"
"0.24717600072905","-0.05547196032737","0.00279189438692","-5.14183164871797","-0.82566936987894"
"0.16036827085614","-0.05540455797686","0.00067402350519","-5.22357291633598","-0.80137584909454"
"0.11281882142056","-0.05563540732069","-0.00230849343836","-5.30290912539634","-0.78208020846154"
"0.10647887330242","-0.05621324684118","-0.00577839520489","-5.38033506603403","-0.76361151904668"
"0.14001073364965","-0.05714840537325","-0.00935158532074","-5.45593260641965","-0.74197433049125"
"0.20912626916476","-0.05841502375145","-0.01266618378199","-5.52938806513829","-0.71364196026986"
"0.30712004583982","-0.05995580634985","-0.01540782598397","-5.600038619205","-0.67579353608318"
"0.4255434742072","-0.0616887665185","-0.01732960168654","-5.66694217927724","-0.62648125330163"
"0.55495970822488","-0.06351532061749","-0.01826554098981","-5.7289638233541","-0.56472046994612"
"0.6857174051629","-0.06532903186256","-0.01813711245077","-5.78487114987876","-0.49050152473037"
"0.80868452731137","-0.0670243074621","-0.01695275599536","-5.83343080082707","-0.40472805675193"
"0.91589058501412","-0.06850440634429","-0.01480098882195","-5.87349887844551","-0.309091717683"
"1.00103624881688","-0.06968821242486","-0.01183806080566","-5.90409895849613","-0.20589717562448"
"1.05984207543187","-0.07051535942849","-0.0082714700363","-5.92448277888295","-0.09785399632505"
"1.09022208066097","-0.07094944560625","-0.00434086177763","-5.93417032451913","0.0121467517043"
"1.09228192904398","-0.07097923743753","-0.00029791831278","-5.93296779610041","0.12125347709166"
"1.0681545490914","-0.07061791802523","0.003613194123","-5.92096370186833","0.22685639722988"
"1.02169712845749","-0.06990057705576","0.00717340969476","-5.89850491854257","0.32675754610333"
"0.95808200462511","-0.06888025553644","0.01020321519321","-5.86615592147834","0.41929817110481"
"0.8833194947296","-0.06762294319854","0.01257312337898","-5.82464540253897","0.50343713886672"
"0.80375301183183","-0.06620197546523","0.01420967733312","-5.77480512579116","0.57877806866123"
"0.72556595628291","-0.0646922891698","0.01509686295424","-5.7175060969937","0.64554688360291"
"0.82683614214902","-0.0631649735126","0.01527315657204","-5.65359695551701","0.72177502898179"
"0.90942526680112","-0.06151172427897","0.01653249233626","-5.58214122764782","0.80549980537208"
"0.96662506835307","-0.05964352796645","0.01868196312528","-5.50239674691598","0.89410731415367"
"0.99410059447872","-0.05749605125936","0.02147476707083","-5.41388012281477","0.98457630046"
"0.99004264774045","-0.05503280225514","0.02463249004219","-5.31640706906923","1.07373480222945"
"0.95512161130182","-0.05224598964567","0.02786812609473","-5.21010732364851","1.15850961533733"
"0.89226043919615","-0.04915518233936","0.03090807306307","-5.09541487173011","1.23615056310358"
"0.80625673719357","-0.04580402793859","0.03351154400768","-4.97303596598286","1.3044147311919"
"0.70329290246561","-0.0422554139567","0.03548613981898","-4.84389890759486","1.36169987412654"
"0.59037878535319","-0.03858554355437","0.03669870402325","-4.70909062005633","1.40712075392059"
"0.64727313298673","-0.03487744408655","0.03708099467818","-4.5697856654182","1.45777685968006"
"0.67818616874925","-0.03104365641562","0.03833787670934","-4.42546575630987","1.51101770795819"
"0.67920272777213","-0.02702261511019","0.04021041305435","-4.27587500322201","1.56382780365582"
"0.64898554549542","-0.02278140520609","0.04241209904099","-4.12105605066008","1.6130880801688"
"0.58868981120825","-0.01831618139277","0.04465223813315","-3.96136033072337","1.65582618048794"
"0.50169870541462","-0.0136503875465","0.04665793846273","-3.79743353885507","1.68943778922452"
"0.39321249857284","-0.00883106791101","0.0481931963549","-3.63017919772184","1.71186466118956"
"0.26973230733121","-0.00392368188786","0.04907386023144","-3.46070459626407","1.72171924531078"
"0.13848445575204","0.00099408425172","0.04917766139586","-3.29025439097831","1.71835049843288"
"0.00683247804328","0.00583897658267","0.04844892330943","-3.12013769163345","1.70185024125288"
"-0.46327868290089","0.01052877500089","0.04689798418225","-2.95165451774942","1.63850387055026"
"-0.86032306285741","0.01464680077491","0.04118025774018","-2.78944263456494","1.53608652555902"
"-1.15940754861921","0.01785196284022","0.0320516206531","-2.6373700685346","1.40478490544151"
"-1.34473333633512","0.01989856372362","0.02046600883402","-2.49829636289589","1.25626372275358"
"-1.41011147697925","0.0206475917506","0.00749028026984","-2.37392625434328","1.10268993782812"
"-1.35872760877424","0.02006927637288","-0.00578315377725","-2.2647599504983","0.95579027757241"
"-1.202227617116","0.01823734831761","-0.01831928055273","-2.17013671301863","0.82600961308509"
"-0.95924119877872","0.01531603026759","-0.02921318050019","-2.08836176132321","0.72182539707637"
"-0.65349358786491","0.01154124941394","-0.0377478085365","-2.01690104701265","0.64925778431911"
"-0.31167541918117","0.00719788446271","-0.04343364951227","-1.95262452636505","0.6115976645578"
"0.03875362327652","0.00259502310947","-0.04602861353238","-1.89207635757383","0.60935705023988"
"0.37165950508186","-0.00195878910704","-0.04553812216516","-1.83175000960008","0.64042943024567"
"0.6640787017606","-0.00617847020327","-0.04219681096222","-1.76834749600576","0.70043300611927"
"0.89769429744618","-0.00982192377215","-0.03643453568879","-1.69900462839996","0.78319810580269"
"1.05986037571364","-0.01270495785995","-0.02883034087807","-1.62146801592549","0.88135216231603"
"1.14413129199422","-0.01471082572764","-0.02005867867687","-1.5342141518562","0.98695176989229"
"1.15029231795163","-0.01579406887003","-0.01083243142389","-1.43650592663686","1.09211148398853"
"1.08392542554903","-0.0159787888289","-0.00184719958871","-1.328386889722","1.18958291170355"
"0.95557605401661","-0.01535187885303","0.00626909975869","-1.21061818146335","1.27324468798818"
"0.77961157091648","-0.01405208230393","0.01299796549095","-1.08456695735252","1.33847339819994"
"0.91787847351073","-0.01225599190736","0.01796090396573","-0.95205809093072","1.41687651156902"
"0.98278830757784","-0.00982070056021","0.02435291347156","-0.81178731628539","1.50098657721111"
"0.97174450290664","-0.00667245013843","0.03148250421771","-0.66318964514149","1.58315116172966"
"0.88806770639015","-0.00280705500265","0.03865395135787","-0.50645768013026","1.65612642075138"
"0.74032203770957","0.00171487940862","0.04521934411264","-0.34250116447587","1.71359736031483"
"0.54130060464859","0.00677721151477","0.05062332106158","-0.1728550258047","1.75059144717654"
"0.30677023645909","0.01222098136031","0.05443769845538","0.00045352746578","1.76376255635068"
"0.05408604673293","0.01785939643709","0.0563841507678","0.17506602054449","1.75153353546047"
"-0.19921189281945","0.02349380872855","0.05634412291456","0.34846784055508","1.71409701082392"
"-0.43671427407741","0.02892942482418","0.0543561609563","0.51816344462665","1.65328461330794"
"-0.64427930627065","0.03398960170439","0.05060176880216","0.68183862134413","1.57232383654779"
"-0.81091903098099","0.03852776873868","0.04538167034281","0.83749868116236","1.47550869508422"
"-0.92938748906701","0.04243626203934","0.03908493300662","0.9835740419757","1.36781485922667"
"-0.99644861657353","0.0456516381653","0.03215376125966","1.11898771303914","1.25449184897705"
"-1.01282712623019","0.04815632687324","0.02504688707932","1.24318240608787","1.14066421786426"
"-0.9828689343365","0.04997676457703","0.01820437703797","1.35610816365643","1.03097068225197"
"-0.91395733947534","0.05117840124112","0.01201636664093","1.45817426119938","0.92926524148192"
"-0.81574595511933","0.05185817718997","0.00679775948842","1.55017152010609","0.83839799355516"
"-0.69927859485628","0.0521352110559","0.0027703386593","1.63317292146805","0.76008615413398"
"-0.57606962851757","0.05214051932915","0.00005308273255","1.70842145072731","0.69487832974089"
"-0.45721594829029","0.05200660056785","-0.00133918761297","1.77721440537166","0.64220795161445"
"-0.35260419451909","0.05185766715477","-0.00148933413081","1.84079299258149","0.6005254526464"
"-0.27026521684112","0.05180120281368","-0.00056464341093","1.90024501239348","0.56749367643582"
"-0.21591305684425","0.05192137663312","0.00120173819439","1.95642688636063","0.54022743398704"
"-0.19268934227243","0.05227466813185","0.00353291498725","2.00990940232535","0.51555622541992"
"-0.20111722072333","0.0528878681002","0.00613199968353","2.06094946864192","0.49028894109339"
"-0.23925310384593","0.05375843164024","0.00870563540039","2.10948807381017","0.46146074129787"
"-0.30301065321678","0.05485698687915","0.0109855523891","2.15517268719865","0.42654506856321"
"-0.3866204981703","0.05613165697647","0.01274670097319","2.19740064898641","0.38361756806055"
"-0.48318173670689","0.05751374315723","0.0138208618076","2.23537878822441","0.33146321870925"
"-0.5852576324444","0.05892424813977","0.01410504982543","2.26819364687662","0.26962282327772"
"-0.68546807880139","0.06028069456322","0.01356446423454","2.29488630638112","0.1983797871648"
"-0.77703507002882","0.06150371054245","0.0122301597923","2.31452590531043","0.11869248229027"
"-0.85424407123062","0.06252290993005","0.01019199387597","2.32627646105717","0.03208115034431"
"-1.25779310646335","0.06328168138646","0.00758771456406","2.32945249494126","-0.09401897180547"
"-1.57952748314323","0.06339905928047","0.00117377894016","2.32014461673251","-0.25103153040174"
"-1.79835303778385","0.06257656438927","-0.00822494891201","2.29529249522274","-0.4283565188761"
"-1.90238685246005","0.06061451439678","-0.01962049992493","2.25288519985401","-0.61431163893335"
"-1.88917574660654","0.05741981131801","-0.03194703078765","2.19206834759961","-0.79708609720467"
"-1.7651987106251","0.05300524359869","-0.04414567719324","2.11315682397634","-0.96563510729513"
"-1.54474198527649","0.04748096798197","-0.0552427561672","2.01755894835413","-1.11045295474983"
"-1.24827566088166","0.04103936884456","-0.0644159913741","1.90762410583389","-1.2241759912905"
"-0.9004883676784","0.03393489788305","-0.07104470961507","1.78643068269613","-1.30198306814543"
"-0.52815069830341","0.02646075390505","-0.07474143978006","1.65753435894974","-1.34177830729432"
"-0.15797838568323","0.0189243626951","-0.07536391209949","1.5246983065276","-1.3441583627897"
"0.18534608438638","0.0116235643659","-0.07300798329195","1.39162662861142","-1.31218217072316"
"0.48085798053786","0.00482522521622","-0.0679833914968","1.26172059370983","-1.25097455096215"
"0.71259711895322","-0.00125231300155","-0.06077538217771","1.13787411316457","-1.1672050935572"
"0.87043014442605","-0.00645192054747","-0.05199607545924","1.02232080890241","-1.06849002817903"
"0.95038082033125","-0.01068491327786","-0.04232992730386","0.91654029611269","-0.96276704586411"
"0.95447936553144","-0.01393268936529","-0.03247776087428","0.82122635857214","-0.85769143885233"
"0.89017678954083","-0.01624305206827","-0.02310362702984","0.73631490612576","-0.76009684550972"
"0.7693991549374","-0.01772187556751","-0.01478823499244","0.6610653184203","-0.67555596156088"
"0.60733801548995","-0.018521069164","-0.00799193596482","0.59418527822577","-0.60806660039628"
"0.4210859103231","-0.0188240009206","-0.00302931756601","0.53398668478654","-0.55987734336001"
"0.22822942873125","-0.01882964652951","-0.00005645608917","0.4785588277939","-0.53145562705328"
"0.04550737750834","-0.01873673233504","0.00092914194479","0.42594472071562","-0.52159033303191"
"-0.11237102426428","-0.01872905014246","0.00007682192581","0.37430727774546","-0.52761153212802"
"-0.23367174194493","-0.01896294930493","-0.00233899162475","0.32207373606479","-0.54570259100124"
"-0.31029217808565","-0.01955777722598","-0.0059482792105","0.26804917955567","-0.57127478289979"
"-0.33810027079149","-0.02058976474426","-0.01031987518276","0.21149297604859","-0.59937206214994"
"-0.31695418666483","-0.02208956118815","-0.01499796443889","0.15215514189574","-0.62507376019492"
"-0.25042423630124","-0.02404333808754","-0.01953776899399","0.09027283963645","-0.6438654462231"
"-0.14525918729955","-0.0263971214048","-0.02353783317256","0.02653016046036","-0.65195271049082"
"-0.01065507996988","-0.02906379700851","-0.02666675603705","-0.03801315787823","-0.6464986913829"
"0.1426048847461","-0.03193207575717","-0.02868278748667","-0.10201652832514","-0.62577321599446"
"0.3030661990767","-0.03487661063855","-0.02944534881381","-0.16396807670859","-0.58920886392685"
"0.45950260918468","-0.03776843124051","-0.02891820601958","-0.22229975423735","-0.53736651436911"
"0.6017337648877","-0.04048489760319","-0.02716466362682","-0.27549903915989","-0.47181947273665"
"0.7213061654636","-0.04291846886712","-0.02433571263926","-0.32220916696082","-0.39497066146292"
"1.15699671975119","-0.04498372106459","-0.02065252197467","-0.36131126244565","-0.27532128287318"
"1.49963007549883","-0.04628066929265","-0.01296948228061","-0.38856806945009","-0.12260506249456"
"1.72800166475207","-0.04650223068878","-0.00221561396136","-0.40070597063705","0.05142115460559"
"1.83096995009463","-0.04545034193589","0.01051888752891","-0.3956152763311","0.234003938069"
"1.80755745299855","-0.04304281169009","0.02407530245802","-0.37244888646227","0.41241964398816"
"1.66628971711754","-0.039311068741","0.03731742949091","-0.33161934170744","0.57492441926003"
"1.42387637416429","-0.03438963111471","0.04921437626286","-0.2747018242007","0.71156281248386"
"1.10337980010236","-0.0284986764302","0.05890954684516","-0.2042571057648","0.81478516436926"
"0.73204438003071","-0.02192150630448","0.06577170125714","-0.12359337449224","0.87984175072864"
"0.33897209392587","-0.01497894715215","0.06942559152336","-0.0364890411701","0.90494054261394"
"-0.04717187771601","-0.00800280958852","0.0697613756363","0.05310007254868","0.8911739494162"
"-0.40025533677036","-0.00131044515963","0.06692364428893","0.14132629354088","0.842236676245"
"-0.6984357222853","0.00481778970824","0.06128234867864","0.22470772448913","0.76397073725402"
"-0.92547134579522","0.01015669932328","0.05338909615042","0.30034082747728","0.66378389530196"
"-1.07152204284002","0.014549010955","0.04392311631724","0.36605543311218","0.54999385206494"
"-1.13341669806215","0.01791217658186","0.03363165626854","0.4205048244666","0.43115224373807"
"-1.11440631586501","0.02023913989775","0.02326963315895","0.46318889659667","0.31540008971419"
"-1.02345815763615","0.02159344775843","0.01354307860673","0.49441350547838","0.20990027305343"
"-0.87417652945202","0.02209947776084","0.00506030002409","0.51519363251067","0.1203836173777"
"-0.68345733931269","0.0219288604901","-0.00170617270739","0.52711161063106","0.05083404727265"
"-0.46999556772423","0.02128437954822","-0.00644480941878","0.53214418131105","0.0033261500275"
"-0.59776710445365","0.02038272699877","-0.00901652549452","0.53247347016378","-0.05648382191814"
"-0.67911525337937","0.01909592725889","-0.0128679973988","0.52688157179388","-0.12383050903689"
"-0.70934134139101","0.01734072104988","-0.01755206209011","0.51462235139923","-0.19352633808562"
"-0.68793305468787","0.01508148954414","-0.02259231505739","0.49546324392875","-0.26038438017356"
"-0.618300363652","0.01232942565509","-0.02752063889048","0.46968519029157","-0.31961057273702"
"-0.50723924328096","0.00913828524757","-0.03191140407517","0.4380437435906","-0.36713839133775"
"-0.36418268486334","0.00559728095248","-0.03541004295093","0.40169704284817","-0.3998852759107"
"-0.20030998795328","0.00182185277595","-0.03775428176532","0.36210840053301","-0.41591742194692"
"-0.02759071325419","-0.0020568457126","-0.0387869848855","0.32093257576026","-0.41451731905287"
"0.14216099250317","-0.00590287207749","-0.0384602636489","0.27989536117403","-0.39615604661203"
"0.29815223137283","-0.0095859896849","-0.03683117607406","0.24067591255944","-0.36237926300862"
"0.43133883000057","-0.01299098413178","-0.03404994446879","0.20480036552158","-0.31562158737848"
"0.53497044094806","-0.01602519478424","-0.03034210652461","0.17355382837111","-0.25896832740989"
"0.60492597711909","-0.01862383114571","-0.02598636361473","0.14791596395754","-0.19588604642388"
"0.6398296276148","-0.02075283934751","-0.021290082018","0.12852324536157","-0.12994422319816"
"0.64095470023975","-0.02240928291782","-0.01656443570307","0.11565876726495","-0.06454931094221"
"0.61193776620126","-0.02361938913586","-0.0121010621804","0.10926838548167","-0.00271004121266"
"0.55833804311943","-0.02443457466674","-0.00815185530885","0.10900009140162","0.05315086351141"
"0.48708591829086","-0.02492589153126","-0.00491316864514","0.11426202688925","0.10132794670538"
"0.40586957212073","-0.02517741986947","-0.00251528338211","0.12429349361308","0.1409016244504"
"0.32250971867181","-0.02527917409865","-0.00101754229183","0.13824275443367","0.17174358007308"
"0.24436974709573","-0.02532008423581","-0.00040910137156","0.15524536886091","0.19446311898192"
"0.17784250122751","-0.02538156796248","-0.00061483726676","0.17449721764012","0.21030273791485"
"0.12794626329748","-0.02553212787435","-0.00150559911868","0.19531718869369","0.22099433686545"
"0.09805204513673","-0.02582330083019","-0.00291172955842","0.21719562804337","0.22858959801047"
"0.08975294276119","-0.02628716228648","-0.0046386145628","0.23982599824641","0.23527899630649"
"0.10287498434468","-0.02693545837647","-0.00648296089997","0.26311861888075","0.24321370477789"
"0.1356184367285","-0.02776031236991","-0.00824853993437","0.28719677565376","0.25434341140296"
"0.18480964655595","-0.02873633910553","-0.00976026735619","0.31237677338265","0.27028094194453"
"0.24623672497767","-0.02982390847319","-0.01087569367661","0.33913458663516","0.29220180502285"
"0.3150380887377","-0.0309732324194","-0.0114932394621","0.36806256533242","0.32078359584639"
"0.38611118569386","-0.03212891233293","-0.01155679913528","0.39982014132122","0.35618687845731"
"0.45450959578505","-0.03323457573316","-0.01105663400231","0.43508264228849","0.39807596925124"
"0.51579986089374","-0.03423725137659","-0.01002675643432","0.47449216324436","0.44567519564811"
"0.56635445793419","-0.0350911766839","-0.00853925307313","0.51861400761352","0.49785388948504"
"0.60356377582067","-0.03576079566799","-0.0066961898409","0.56790154267254","0.55323172817226"
"0.62595720994193","-0.03622278313069","-0.00461987462694","0.6226714837616","0.61029513188473"
"0.63323095053882","-0.03646701506949","-0.00244231938801","0.68309070181819","0.66751527561976"
"0.62618714466777","-0.03649648926958","-0.00029474200089","0.74917471410454","0.72345883733034"
"0.60659535378863","-0.03632627772087","0.00170211548709","0.82079713900025","0.7768837843359"
"0.57699220917731","-0.03598165848889","0.0034461923198","0.8977086336495","0.82681416741027"
"0.54043860677781","-0.03549562492587","0.00486033563018","0.97956323622312","0.87258988641395"
"0.50025553777474","-0.03490600204006","0.00589622885807","1.0659496349781","0.91388954132729"
"0.45975971257536","-0.03425241240068","0.00653589639378","1.1564246995695","0.95072661717155"
"0.42201862187958","-0.03357332761084","0.00679084789848","1.25054663466948","0.98342121318779"
"0.38964181538176","-0.03290341796875","0.00669909642087","1.34790533477508","1.01255118259409"
"0.36462127650061","-0.03227137543093","0.00632042537818","1.44814790185189","1.03888779841821"
"0.34822919521807","-0.03169833719288","0.00573038238051","1.55099779389529","1.06332183995584"
"0.34097657915095","-0.03119698340697","0.00501353785909","1.65626665605092","1.08678627947137"
"0.34263137703573","-0.03077132719087","0.00425656216104","1.76385849771859","1.11018155438023"
"0.35229046581207","-0.03041716236787","0.00354164822995","1.87376647160223","1.13430878541764"
"0.36849626141304","-0.03012308804504","0.00294074322835","1.98606304135858","1.15981532370476"
"0.38938606794661","-0.02987199215517","0.00251095889865","2.10088475840535","1.18715577726238"
"0.41286070825035","-0.0296428505346","0.00229141620575","2.21841318035432","1.21657029031479"
"0.43675851990925","-0.02941268505112","0.00230165483481","2.33885363909549","1.24808043940257"
"0.4590214083767","-0.02915852380245","0.00254161248667","2.46241360259634","1.28150177584621"
"0.47784120063509","-0.0288592176028","0.00299306199655","2.58928227840512","1.31647087815126"
"0.49177685539531","-0.02849698818775","0.00362229415042","2.71961289534209","1.35248385490928"
"0.49983593246275","-0.02805861249654","0.00438375691215","2.85350879697811","1.38894260960646"
"0.50151685462238","-0.02753618132944","0.005224311671","2.99101411532915","1.42520486897263"
"0.49681165721716","-0.02692740674574","0.00608774583701","3.13210939735744","1.46063398600462"
"0.65867187650248","-0.02623548793083","0.00691918814907","3.2767121619719","1.51189483379482"
"0.95770063575134","-0.02529780234618","0.00937685584645","3.42638975051758","1.59254594903201"
"1.18223583632847","-0.02381673730314","0.01481065043041","3.58405179947175","1.69484407317454"
"1.3172603712681","-0.02156903725254","0.02247700050607","3.75184136271603","1.8096216695696"
"1.35558442796024","-0.01841699233102","0.03152044921519","3.93099390800342","1.92708389566993"
"1.29781465281741","-0.01431245580814","0.04104536522878","4.12177521367475","2.03759452199497"
"1.1517465200614","-0.00929391058943","0.05018545218704","4.32349707135225","2.13239322878116"
"0.93126671661792","-0.00347730515599","0.05816605433447","4.53460400100158","2.20419596815514"
"0.65488246199676","0.00295821010298","0.0643551525897","4.75281940184894","2.24764225467327"
"0.34401393129151","0.00978821828659","0.06830008183609","4.97533598506159","2.25956722525568"
"0.02119369661375","0.01676304579431","0.06974827507716","5.19903314036191","2.2390909226645"
"-0.29168639642883","0.02362821065574","0.06865164861436","5.42070314170569","2.18753137379497"
"-0.57495417250695","0.03014375915383","0.06515548498081","5.63726874771139","2.10816064280633"
"-0.81245724048006","0.03610113510466","0.05957375950839","5.84597665134922","2.00583331233026"
"-0.99250789521132","0.0413365073383","0.0523537223364","6.04455414926992","1.88652418968582"
"-1.10842832108897","0.04573982156105","0.04403314222743","6.23132004404881","1.75681611568007"
"-1.15868450465396","0.04925921328192","0.03519391720877","6.40524483950114","1.62337950405787"
"-1.14662864040739","0.05190078918401","0.02641575902081","6.56595941040287","1.49248284497655"
"-1.07989745351197","0.05372412767664","0.01823338492632","6.71371521205555","1.36956827117559"
"-0.96953598356867","0.0548341418593","0.01110014182659","6.84930247090193","1.25891899010697"
"-0.82893173142121","0.05537017171987","0.00536029860576","6.97393545092252","1.16343662706378"
"-0.67265201452624","0.05549331545844","0.00123143738569","7.08911567700184","1.08453705934051"
"-0.51527785193409","0.05537306756956","-0.00120247888876","7.19648484587655","1.0221639035537"
"-0.37032121187749","0.05517430561222","-0.00198761957348","7.29767907232836","0.97491014333041"
"-0.24929998846171","0.05504556638691","-0.0012873922531","7.39419517651807","0.94023104305094"
"-0.16102798679476","0.05510938849728","0.00063822110369","7.48727804978012","0.91472593394095"
"-0.11115709083019","0.0554552886765","0.00345900179223","7.57783591724027","0.89446296551852"
"-0.10198737619207","0.05613570268464","0.00680414008146","7.6663877508266","0.87531959824413"
"-0.1325398956458","0.0571649775476","0.01029274862951","7.75304439105277","0.85331241269711"
"-0.19886774223387","0.05852126907045","0.01356291522851","7.83752231990979","0.82489251434675"
"-0.29456506608659","0.06015099339749","0.01629724327039","7.91918667883012","0.78718708259463"
"-0.41142193743536","0.06197531713969","0.018243237422","7.99711820000699","0.73817301802514"
"-0.54016588568462","0.06389805648776","0.01922739348069","8.07019732879147","0.67677469927643"
"-0.67122878570318","0.06581429662153","0.01916240133779","8.13719802401984","0.60288407371335"
"-0.79548031358247","0.06761903902826","0.01804742406726","8.19688354731746","0.51730720161797"
"-0.904875925109","0.06921523232231","0.01596193294053","8.24809696027764","0.42164653709089"
"-0.99297741918842","0.0705206345194","0.01305402197085","8.28983996744964","0.31813232980114"
"-1.05531664065171","0.07147308139273","0.00952446873335","8.32133506809995","0.20941934243796"
"-1.08958665244654","0.07203388464162","0.00560803248884","8.34206758300131","0.09836648376892"
"-1.09565865054714","0.07218924244144","0.00155357799823","8.35180586489443","-0.01218304612348"
"-1.07543595856695","0.071949701021","-0.00239541420443","8.35059974332821","-0.11960481151894"
"-1.03256771663119","0.07134784783869","-0.00601853182308","8.33875886698783","-0.22166553506687"
"-0.97205366228821","0.0704345351885","-0.00913312650185","8.31681397901621","-0.31665424594502"
"-0.89977721825377","0.06927402058942","-0.0116051459908","8.28546520866765","-0.40346542531095"
"-0.82200673507909","0.06793846282117","-0.01335557768249","8.24552213156187","-0.48163144456575"
"-0.74490422101928","0.06650222859706","-0.01436234224116","8.19784061854986","-0.55130555222202"
"-0.67407749238823","0.0650364460433","-0.0146578255376","8.14326136887988","-0.61320024593862"
"-0.61420585630479","0.06360419130761","-0.01432254735689","8.08255454453196","-0.66848882910972"
"-0.56876180130978","0.06225661969144","-0.01347571616166","8.0163741504501","-0.7186801209496"
"-0.539842418075","0.061030260067","-0.01226359624438","7.94522481847609","-0.7654775615476"
"-0.52811513300725","0.05994558915964","-0.01084670907369","7.86944253988287","-0.81063429923285"
"-0.5328735184907","0.05900689882562","-0.0093869033402","7.78918974425882","-0.85581530808959"
"-0.55219107648584","0.05820337250796","-0.00803526317657","7.70446402875795","-0.90247626265728"
"-0.58315449252337","0.05751120333672","-0.0069216917124","7.61511887875488","-0.95176694928304"
"-0.62215329391909","0.05689652111528","-0.00614682221437","7.52089395077586","-1.00446460918212"
"-0.66520032536238","0.05631885220648","-0.00577668908804","7.42145195446683","-1.06093999562654"
"-0.70825701641704","0.05573481672171","-0.00584035484772","7.3164188948998","-1.12115629731198"
"-0.74753894098538","0.05510177117162","-0.0063304555009","7.20542442146592","-1.1846986284374"
"-0.77978040317662","0.05438112989033","-0.00720641281289","7.08813925725061","-1.25082968247068"
"-0.80244136360584","0.0535411416823","-0.00839988208024","6.96430711868602","-1.31856552200656"
"-0.81384550765617","0.05255895475886","-0.00982186923445","6.83376913200737","-1.38676441755211"
"-0.81324417957675","0.05142186795147","-0.01137086807389","6.69647945466971","-1.45422119133427"
"-0.80080679229796","0.05012773399107","-0.012941339604","6.55251155672762","-1.51975965865072"
"-0.777543738097","0.04868454608359","-0.01443187907481","6.4020553505212","-1.58231643587391"
"-0.7451724016918","0.04710929740378","-0.01575248679807","6.24540602336968","-1.64101051168435"
"-0.70594033579432","0.04542625064571","-0.01683046758076","6.08294598271293","-1.69519444014694"
"-0.66242182364662","0.04366478866708","-0.01761461978629","5.91512173313838","-1.74448467811013"
"-0.61730485640209","0.04185703601345","-0.01807752653623","5.74241775000548","-1.78877031696924"
"-0.57318503414861","0.04003544440972","-0.01821591603732","5.56532948862552","-1.82820111721441"
"-0.5323811920249","0.03823052403216","-0.01804920377559","5.38433757802129","-1.86315722524476"
"-0.49678486992996","0.03646887841523","-0.01761645616936","5.19988501272206","-1.8942041399853"
"-0.46775235549072","0.03477166689881","-0.01697211516418","5.01235880286352","-1.92203733413452"
"-0.44604423789784","0.03315357782723","-0.01618089071576","4.8220771067842","-1.94742138458296"
"-0.43181352564023","0.03162235177943","-0.015312260478","4.62928238971049","-1.97112852330116"
"-0.4246396992014","0.03017885043705","-0.01443501342385","4.43414066590367","-1.99388120798828"
"-0.42360284915894","0.02881762650724","-0.01361223929804","4.23674642631283","-2.01630268082429"
"-0.42738949664428","0.02752791614254","-0.01289710364707","4.03713246091123","-2.03887860368048"
"-0.43441994814922","0.02629494961399","-0.01232966528551","3.83528347914686","-2.0619318124586"
"-0.44298617132724","0.02510145990497","-0.01193489709013","3.63115222971346","-2.08561111146674"
"-0.45138919340333","0.02392926290132","-0.01172197003653","3.42467672967825","-2.1098939196924"
"-0.45806585433213","0.02276078667464","-0.01168476226679","3.21579723162871","-2.13460156592869"
"-0.46169627230741","0.0215804399966","-0.01180346678046","3.00447167660177","-2.15942517750014"
"-0.46128543613032","0.02037573010598","-0.0120470989062","2.79068858402925","-2.18395946933817"
"-0.45621473614309","0.01913806487828","-0.01237665227694","2.57447659656477","-2.2077413482591"
"-0.44626178033715","0.01786320267384","-0.01274862204443","2.35591020308712","-2.23029011281022"
"-0.43158931667892","0.01655134196043","-0.01311860713406","2.13511148191891","-2.25114614335001"
"-0.41270631729994","0.0152068701298","-0.01344471830631","1.91224801372726","-2.26990531364651"
"-0.39040612638949","0.01383781483356","-0.01369055296246","1.68752738767625","-2.28624687314899"
"-0.36568792239751","0.01245506012508","-0.01382754708476","1.4611889472345","-2.29995319665725"
"-0.33966853231508","0.01107140265938","-0.01383657465694","1.23349358076544","-2.31092051792219"
"-0.31349184349545","0.00970052964331","-0.01370873016073","1.00471244949114","-2.31916049709251"
"-0.46074271317461","0.00835600013746","-0.01344529505855","0.77511556027898","-2.34204316343905"
"-0.75212930566254","0.00687953016756","-0.01476469969892","0.54325328709852","-2.39383566237091"
"-0.97559643684352","0.00497189246698","-0.01907637700585","0.3062635565238","-2.46745694943155"
"-1.11530072139805","0.00240276692395","-0.02569125543029","0.06198531853007","-2.55431245207704"
"-1.16288525501141","-0.00097720140775","-0.033799683317","-0.19089161422556","-2.64505785305741"
"-1.11755976237155","-0.00523124000819","-0.04254038600441","-0.45275234167824","-2.73036325076399"
"-0.9856129688181","-0.01033806693976","-0.05106826931567","-0.72305830350387","-2.80162091513816"
"-0.77943444643227","-0.01619967875163","-0.05861611811868","-1.00041877410255","-2.85154815063001"
"-0.51615402359163","-0.02265428373681","-0.06454604985187","-1.28272204101492","-2.87464807148287"
"-0.21602743036984","-0.02949304802681","-0.06838764290002","-1.56731220009173","-2.86750433380503"
"0.09929360642152","-0.03647913520404","-0.06986087177223","-1.85119512913843","-2.82889992982482"
"0.40847001557727","-0.04336745962327","-0.06888324419235","-2.13125622219108","-2.75976392896885"
"0.69203744488794","-0.04992363482096","-0.06556175197683","-2.404472851159","-2.66296254519037"
"0.93371634337942","-0.05594076791627","-0.06017133095317","-2.66810614313285","-2.54296128540052"
"1.12139099820147","-0.06125300835264","-0.0531224043637","-2.9198593103875","-2.40539257272637"
"1.24770875746504","-0.065745079221","-0.04492070868353","-3.15799317508741","-2.2565677712526"
"1.3102823970745","-0.06935737348096","-0.03612294259965","-3.38139338444142","-2.10297385383263"
"1.31150928838511","-0.07208655689138","-0.02729183410418","-3.58958779597085","-1.95079318645579"
"1.25804848922854","-0.07398195729253","-0.01895400401156","-3.78271632142997","-1.80548040566838"
"1.16001930782615","-0.07513831253091","-0.01156355238379","-3.96145888159114","-1.67142367082908"
"1.03000097634916","-0.07568567831947","-0.00547365788555","-4.12692982500322","-1.55170933648587"
"0.88192208215447","-0.07577745027941","-0.00091771959942","-4.28054904931532","-1.44800003490557"
"0.72993018241068","-0.07557752545348","0.00199924825934","-4.42390105277097","-1.36052701631544"
"0.58732696281384","-0.07524761836121","0.00329907092265","-4.5585932273862","-1.2881890498709"
"0.46564326407899","-0.07493566181683","0.00311956544381","-4.68612394332342","-1.2287428329643"
"0.37391254207729","-0.07476607494452","0.00169586872314","-4.80776948378688","-1.17906415042692"
"0.3181823601455","-0.07483248562706","-0.00066410682543","-4.92449683467915","-1.1354552729081"
"0.30128297556978","-0.0751932699325","-0.00360784305443","-5.03690690669705","-1.09397242262204"
"0.32285161482808","-0.07587003569532","-0.00676765762814","-5.14521017653663","-1.05074753691302"
"0.37959214859661","-0.07684894963165","-0.00978913936336","-5.24923418269102","-1.00228084668422"
"0.46573386542673","-0.07808460350929","-0.01235653877635","-5.34845998651276","-0.94568465167471"
"0.57364088372917","-0.07950594837837","-0.01421344869086","-5.44208276702855","-0.87886371678505"
"0.69451605960703","-0.08102370636342","-0.01517757985044","-5.52909027499027","-0.80062347365649"
"0.81914028992202","-0.08253860249547","-0.01514896132051","-5.60835199888227","-0.71070320992773"
"0.93858975394804","-0.08394974570886","-0.01411143213392","-5.67871161666511","-0.60973720243364"
"1.04487942832516","-0.08516252555128","-0.01212779842416","-5.73907559970604","-0.49915188757679"
"1.1314904189705","-0.08609547291009","-0.00932947358811","-5.78849163657614","-0.38101132680397"
"1.19375034931887","-0.08668564986702","-0.00590176956927","-5.82621175792974","-0.25782617860405"
"1.22904917857599","-0.08689227445014","-0.00206624583122","-5.85173654961154","-0.13234299896041"
"1.23688631734673","-0.08669843838919","0.00193836060949","-5.86483850650862","-0.00733093723613"
"1.21875773315344","-0.08611092784157","0.00587510547618","-5.865564269295","0.11461814545158"
"1.17790299102395","-0.08515829720093","0.00952630640645","-5.85421707289529","0.23126226309945"
"1.11894113265072","-0.08388746496856","0.01270832232367","-5.83132210884844","0.34084375373353"
"1.04743046228181","-0.08235919097227","0.01528273996292","-5.79757857722882","0.44217836242438"
"0.96939042270512","-0.0806428513167","0.01716339655565","-5.75380291934881","0.53469562107065"
"0.89082379955257","-0.0788109495048","0.01831901811905","-5.70086805286282","0.6184310448152"
"0.81727470382151","-0.07693379007644","0.01877159428361","-5.63964337942611","0.6939742047492"
"0.75345256354022","-0.07507469823485","0.01859091841581","-5.57093993315594","0.76237971905573"
"0.7029452691094","-0.07328610068184","0.01788597553013","-5.49546434096943","0.82505044877611"
"0.66803632418501","-0.07160669616134","0.01679404520503","-5.41378434654059","0.88360357670685"
"0.64963205796954","-0.07005984679198","0.01546849369363","-5.32630759244661","0.93973074673673"
"0.64729634494044","-0.06865322115907","0.01406625632906","-5.23327424851968","0.99506307376341"
"0.6593824802024","-0.0673796249635","0.01273596195566","-5.1347630042171","1.05105069104602"
"0.68324539310631","-0.06621887149848","0.01160753465025","-5.03070898580354","1.10886472344619"
"0.71551263230094","-0.06514047770545","0.0107839379303","-4.92093137818237","1.16932733944182"
"0.75238975058524","-0.06410692575742","0.01033551948029","-4.80516797157763","1.23287304110593"
"0.78997492549286","-0.06307720693466","0.0102971882276","-4.68311354050814","1.29954180324415"
"0.82455878485032","-0.06201036408099","0.01066842853672","-4.55445890198697","1.36900226369674"
"0.85288824224528","-0.06086876955229","0.01141594528698","-4.41892767788099","1.4406010652843"
"0.87237735182178","-0.05962091423618","0.01247855316113","-4.27630817241785","1.51343278981364"
"0.88125335394674","-0.05824353575735","0.01377378478822","-4.1264783262263","1.58642379731018"
"0.87863175055393","-0.05672297548403","0.01520560273328","-3.96942237029259","1.65842273439247"
"0.86451996405501","-0.05505571920192","0.01667256282106","-3.80523851958774","1.72829050345404"
"0.83975446879839","-0.05324814020824","0.01807578993677","-3.63413775974579","1.79498304529934"
"0.80588087049299","-0.05131552145312","0.01932618755121","-3.45643443826115","1.85762130189565"
"0.76498996035859","-0.04928048135805","0.02035040095072","-3.27252992937348","1.91554408491255"
"0.7195250981505","-0.04717096321896","0.02109518139088","-3.08289106496714","1.96834115387848"
"0.67207729729206","-0.04501796895619","0.02152994262773","-2.88802529073317","2.0158654720689"
"0.62518411504138","-0.04285322389866","0.02164745057525","-2.68845460899835","2.05822522885235"
"0.58114700418544","-0.04070695092474","0.02146272973924","-2.48469031134197","2.09575767698237"
"0.54187935261714","-0.03860591128075","0.02101039643986","-2.27721030132071","2.12898803547426"
"0.50879427484987","-0.0365718382339","0.02034073046849","-2.06644048580876","2.1585775826045"
"0.48273761279449","-0.03462035143668","0.01951486797226","-1.85274130513092","2.18526556805791"
"0.80896785188678","-0.03276039784255","0.01859953594124","-1.63640001389318","2.244309697566"
"1.08169677689717","-0.03065267261005","0.02107725232506","-1.41421335383415","2.33003627828006"
"1.27998550720415","-0.02801502717192","0.02637645438129","-1.18353976228442","2.43473446621768"
"1.39004335696783","-0.02463932526998","0.03375701901939","-0.94250105012887","2.54939145725228"
"1.4057368747141","-0.02040157083891","0.04237754431073","-0.6901112958609","2.66447123015117"
"1.32849336401178","-0.01526504221628","0.0513652862263","-0.42632864407593","2.77067585425084"
"1.16664982012012","-0.00927670566479","0.05988336551491","-0.1520317345051","2.85963407772034"
"0.93433571441111","-0.00255766050421","0.06719045160578","0.13107203918922","2.92447130838425"
"0.65000627867167","0.00471124304528","0.07268903549494","0.42059469871926","2.96022722316757"
"0.33476046023567","0.01230719623697","0.07595953191685","0.71365719381285","2.96410099695946"
"0.01058400903994","0.01998506651641","0.07677870279442","1.00710319251183","2.93551838789386"
"-0.30134643624564","0.02749728323081","0.07512216714399","1.29771951291333","2.87602856039036"
"-0.582176746037","0.03461247935079","0.0711519611998","1.58244634039197","2.78905060018276"
"-0.81660700028951","0.04113159464172","0.06519115290932","1.85856234981006","2.67949939415198"
"-0.99377039574533","0.04690042777404","0.05768833132318","2.12383278983111","2.55332736063593"
"-1.10771959841924","0.05181796170773","0.04917533933685","2.37661219853407","2.41702212718764"
"-1.15751280141614","0.05584014935325","0.04022187645519","2.61589738912564","2.27710062577415"
"-1.14692202986072","0.05897920620482","0.03139056851574","2.84133035107728","2.13963741653034"
"-1.08381265376289","0.06129878686911","0.02319580664286","3.05315445531379","2.00985977698875"
"-0.97926394361141","0.06290570078348","0.01606913914375","3.25213057323567","1.89183478485772"
"-0.84651468328777","0.06393903201205","0.01033331228573","3.43942221693659","1.78826496868036"
"-0.69982477154258","0.06455765823318","0.00618626221129","3.61646044883594","1.7003998418393"
"-0.55334340822204","0.06492721095737","0.00369552724187","3.78480003317803","1.6280615025987"
"-0.42006742373657","0.06520748517593","0.0028027421856","3.94597812193531","1.56977414519906"
"-0.31096057698154","0.06554120038933","0.00333715213398","4.10138576231001","1.52298034604891"
"-0.23428757521584","0.06604484942306","0.00503649033738","4.25216081656886","1.48432178506684"
"-0.19519674046944","0.06680216318586","0.0075731376279","4.39910867329047","1.44995889316923"
"-0.19556433251511","0.06786048710988","0.01058323924021","4.54265460371423","1.41590287098602"
"-0.23409316969865","0.06923012743981","0.01369640329929","4.68282898794184","1.3783345253063"
"-0.30663983892801","0.07088650081889","0.01656373379083","4.81928410594717","1.33388719616044"
"-0.40672967145606","0.07277472451294","0.01888223694051","4.95133893836705","1.27987535705323"
"-0.52620767017192","0.07481612960989","0.02041405096947","5.07804659871532","1.2144558364655"
"-0.65596722494468","0.0769160741712","0.02099944561317","5.1982777265254","1.13671455560638"
"-0.78669688104968","0.07897238182715","0.02056307655942","5.31081246753044","1.04667772194535"
"-0.90958840318305","0.08088373362835","0.01911351801205","5.41443356200302","0.94525210440759"
"-1.01695635413502","0.08255739303055","0.01673659402195","5.50801352033938","0.83410394795001"
"-1.10272957575475","0.08391573823516","0.01358345204616","5.59058981118643","0.71548995089504"
"-1.16278733463801","0.08490120267505","0.00985464439892","5.66142331632503","0.59205631792228"
"-1.1951263976874","0.08547937149437","0.00578168819322","5.72003689179934","0.46662311497432"
"-1.19985884920566","0.08564013702434","0.0016076552996","5.7662325801818","0.34197099890401"
"-1.17905304247944","0.08539696739667","-0.00243169627669","5.8000877090733","0.22064598466703"
"-1.13644083048609","0.08478447863199","-0.00612488764678","5.82193166155533","0.10479544177175"
"-1.0770224763403","0.08385461275832","-0.00929865873669","5.83230641029073","-0.00395476028"
"-1.00660597177308","0.08267180615672","-0.01182806601597","5.83191488902301","-0.10457580985451"
"-0.93131970738959","0.08130757954457","-0.01364226612155","5.82156188384742","-0.19666202249492"
"-0.85713660214804","0.07983499277517","-0.01472586769395","5.80209234362042","-0.28040906248477"
"-0.7894441941336","0.07832338564391","-0.01511607131267","5.77433184643443","-0.35654939127329"
"-0.73268928812966","0.07683377421798","-0.01489611425926","5.73903345669837","-0.42625282617352"
"-0.6901181526249","0.07541519683263","-0.01418577385351","5.69683442690719","-0.49100211317427"
"-0.66362464687848","0.07410221212994","-0.01312984702686","5.64822521770294","-0.55245455673038"
"-0.65370974988997","0.07291365135706","-0.0118856077288","5.59353221658663","-0.61230098615207"
"-0.65954744052727","0.07185262663125","-0.01061024725811","5.53291441895758","-0.67213272034328"
"-0.67914434655014","0.07090770350879","-0.00944923122466","5.4663732796436","-0.73332582779486"
"-0.70957452741152","0.07005506637948","-0.00852637129305","5.3937740226919","-0.79695002225806"
"-0.74726652407341","0.06926144389545","-0.00793622484027","5.31487597048836","-0.86370717444282"
"-0.78831758119357","0.06848752204661","-0.00773921848848","5.22936896021852","-0.93390186081775"
"-0.82880974350862","0.0676915559865","-0.00795966060106","5.13691267599756","-1.00744381656043"
"-0.86510421783877","0.06683289784773","-0.00858658138773","5.03717573815808","-1.08387980017871"
"-0.89409371257053","0.06587518447313","-0.00957713374598","4.92987163794038","-1.16245037343397"
"-0.91339705330882","0.06478897276113","-0.01086211711995","4.81478905097042","-1.24216557503052"
"-0.92148579450482","0.06355366669501","-0.01235306066122","4.6918146590424","-1.32189249873069"
"-0.9177383394369","0.06215864400049","-0.01395022694517","4.56094730166806","-1.40044740768708"
"-0.90242278798914","0.06060355646892","-0.01555087531572","4.42230300830704","-1.47668521240912"
"-0.87661493566047","0.05889784122599","-0.01705715242934","4.27611117227854","-1.54957985385108"
"-0.84206219811114","0.05705953612941","-0.01838305096577","4.12270276674728","-1.61829027512368"
"-0.80100747192192","0.05511353742214","-0.01945998707275","3.96249202951004","-1.68220811956463"
"-0.75598890435991","0.05308946920606","-0.02024068216078","3.79595342567314","-1.74098492880498"
"-0.70963217923461","0.05101935087664","-0.02070118329414","3.62359591772145","-1.79453829744039"
"-0.66445128127451","0.04893525021481","-0.02084100661832","3.44593662627485","-1.84303804259344"
"-0.62267191816791","0.04686709733915","-0.02068152875667","3.2634758600581","-1.88687485398429"
"-0.58608907221211","0.04484081012211","-0.02026287217032","3.07667524951365","-1.92661501266566"
"-0.55596679020073","0.04287684767013","-0.01963962451982","2.88594036325975","-1.96294554155908"
"-0.53298459789971","0.04098926826351","-0.0188757940662","2.6916087546454","-1.99661454593346"
"-0.51723114655928","0.0391853251821","-0.01803943081411","2.49394391459799","-2.02837151513005"
"-0.50824214805458","0.03746559149609","-0.01719733686008","2.29313513460012","-2.05891201478421"
"-0.50507657961515","0.03582456627842","-0.01641025217673","2.08930284513648","-2.08883055259788"
"-0.50642273271342","0.03425168239381","-0.01572883884612","1.88250862042929","-2.11858452034325"
"-0.51072407382934","0.0327326119816","-0.01519070412205","1.67276875291531","-2.14847108252275"
"-0.51631413901837","0.03125075116225","-0.01481860819355","1.46007011574556","-2.17861778559936"
"-0.52154979260495","0.02978876076084","-0.01461990401408","1.24438695497122","-2.20898658700386"
"-0.52493307312423","0.02833004459517","-0.01458716165665","1.02569728285784","-2.23939002844624"
"-0.52521340383667","0.02686006008099","-0.01469984514184","0.80399767004166","-2.26951746854545"
"-0.52146399754064","0.02536737597247","-0.01492684108524","0.57931544065566","-2.29896869361406"
"-0.5131286476009","0.02384441699556","-0.01522958976911","0.35171753998787","-2.32729187143801"
"-0.50003757130324","0.02228786274138","-0.0155655425418","0.12131564471551","-2.35402270985395"
"-0.48239336603479","0.02069869622358","-0.01589166517798","-0.11173260356004","-2.37872181935889"
"-0.80573028135628","0.01908192385471","-0.01616772368865","-0.34722606367657","-2.43550762930093"
"-1.06536748489024","0.0171044614274","-0.01977462427318","-0.58834131897736","-2.51768930149694"
"-1.24216227592829","0.01449929188855","-0.02605169538848","-0.83759255982555","-2.6167286360748"
"-1.32462530433167","0.01108050030566","-0.03418791582888","-1.09664869479696","-2.72302388014722"
"-1.30922173602181","0.0067511864332","-0.04329313872458","-1.36622805893154","-2.82671581494793"
"-1.20005985385791","0.00150418239246","-0.0524700404074","-1.64607292461138","-2.91845464218424"
"-1.00803449666115","-0.00458395752853","-0.06088139920994","-1.93499993418762","-2.99007354542851"
"-0.74952834607266","-0.01136476212956","-0.06780804601024","-2.23101721518504","-3.0351256445815"
"-0.44479945542506","-0.01863414789951","-0.07269385769955","-2.53149465399861","-3.04925433367819"
"-0.11619743096928","-0.02615168681481","-0.07517538915297","-2.83337083303275","-3.03038153343833"
"0.21364689533735","-0.03366119218576","-0.07509505370947","-3.13337860484315","-2.97871302857021"
"0.52352196346566","-0.04091099843719","-0.07249806251432","-3.4282711946716","-2.89657370193795"
"0.79510782530485","-0.04767245081817","-0.0676145238098","-3.71503199116345","-2.78809718238808"
"1.01412749305515","-0.0537553612069","-0.06082910388728","-3.99105361221987","-2.65880346125868"
"1.17111500638577","-0.05901950134506","-0.05264140138165","-4.25427515488448","-2.51510392600752"
"1.26177089024402","-0.06338156617797","-0.04362064832909","-4.50327044355923","-2.36377579772304"
"1.28690843176882","-0.0668174173251","-0.03435851147128","-4.73728424753381","-2.21144719656893"
"1.25202433897848","-0.06935978088465","-0.0254236355955","-4.95621751999413","-2.06413029070539"
"1.16655280782496","-0.07109189869653","-0.0173211781188","-5.16056641877397","-1.92683370701584"
"1.04288126469728","-0.07213789656271","-0.01045997866185","-5.35132295576854","-1.80327724347596"
"0.89521808974879","-0.07265082149882","-0.00512924936106","-5.52984740287266","-1.69572266206632"
"0.73840708926369","-0.07279940434292","-0.00148582844104","-5.69772394641722","-1.60492472651929"
"0.58678058888816","-0.07275462233171","0.00044782011215","-5.85661149434263","-1.53019742036528"
