"input","theta","theta_dot","pos","vel"
"4756.00441194336","0.01","0.1","0.0","0.0"
"-992.437976402629","0.03730168489028","4.88742875095781","0.26226088272325","47.7037493835833"
"-1810.64357587139","0.08123130786594","4.00178852968832","0.68702247385812","38.2642854737858"
"-1668.52402445767","0.11233544993874","2.39362296682407","0.97518354543929","21.1566992473166"
"-1368.70613635996","0.1285145007531","0.99021018130338","1.10222318285553","5.82891302535235"
"-1069.29564125983","0.1324544216976","-0.09202980689019","1.09329730428137","-6.3815846194768"
"-808.741431091313","0.12719194089485","-0.8832924566468","0.97854707787489","-15.6522355925381"
"-583.06427971729","0.11531933082207","-1.43990046896228","0.78466489171273","-22.4660987552336"
"-400.05108454808","0.09893478176485","-1.80605711456095","0.53402998589469","-27.2153344205306"
"-224.109843078719","0.07968167056327","-2.02867267863825","0.24484901015844","-30.3404370089007"
"-78.3481499280944","0.05894385033941","-2.11672576585406","-0.06705278432388","-31.9151508037617"
"41.1092784700245","0.03790059632927","-2.1002119523968","-0.38780413473771","-32.2354130448"
"141.280379272746","0.01745836143175","-2.00426781769507","-0.70626725404469","-31.5564314873547"
"222.8800002649","-0.00168481470542","-1.84624881487109","-1.01346159836288","-30.0616523539491"
"276.049434013567","-0.01899626188846","-1.64203644786678","-1.3021879707171","-27.924819544704"
"309.890691439275","-0.0341521697896","-1.41663841309533","-1.56750837322744","-25.4149321726182"
"318.508875851988","-0.0470254939374","-1.18541173676639","-1.80665622498791","-22.7068573540447"
"323.466865163804","-0.05767308313949","-0.96927461831053","-2.01892352757875","-20.0320320295222"
"317.077520966783","-0.06624269681084","-0.76768554363336","-2.20472942493899","-17.4062998198581"
"317.00871629409","-0.07291978058484","-0.58795342996886","-2.36507605840677","-14.9227812338512"
"306.837913568799","-0.07786809696912","-0.42016306503097","-2.50093704268176","-12.5001719332834"
"297.663062375541","-0.08124343517699","-0.27096992841241","-2.61337906598042","-10.2218737939348"
"279.658967956065","-0.08320938085726","-0.13635499702828","-2.70370456040718","-8.062571551946"
"259.717797416811","-0.0839446557232","-0.02236120296776","-2.7735089711019","-6.09626538413399"
"239.63099524575","-0.08365306418271","0.07138523860678","-2.82476242195405","-4.33058793865134"
"220.084306771723","-0.08252725694671","0.14661013914416","-2.85942562001471","-2.75756199776594"
"211.751260831868","-0.08074104249589","0.20533380891712","-2.87935312845662","-1.36438017833965"
"206.791592833225","-0.07839167232144","0.25984610934483","-2.88569727145869","-0.03371747242343"
"171.534266842959","-0.07549688968988","0.31457246022687","-2.87886889896397","1.27337040620365"
"154.5355186007","-0.07221420694236","0.3404373899854","-2.86073298952161","2.26040493807689"
"130.669572256703","-0.0687294436159","0.35607622849264","-2.83347595904267","3.11150700305355"
"120.866875290809","-0.06518072479905","0.35492745875737","-2.79882520644399","3.75954731952609"
"118.238024272825","-0.06165895473687","0.35095988174218","-2.75804093283871","4.344479595442"
"114.105507476527","-0.05815343265565","0.3512474486078","-2.71136288837353","4.93747443357967"
"102.434940239963","-0.05462986618896","0.35429846698088","-2.65879293030192","5.52358357390194"
"85.2237371967265","-0.0511016874521","0.35264232829702","-2.60081221710054","6.02782006978106"
"75.6579668932333","-0.04764653916187","0.3406980610723","-2.53854461786632","6.39458895649446"
"47.5120314577673","-0.04432651792169","0.32586286397668","-2.4729510102877","6.69903885765457"
"46.7558462559807","-0.04127419817832","0.28925061141764","-2.40568343177336","6.75391199967647"
"44.4790991917381","-0.0385605088809","0.25753791756538","-2.33775100908576","6.82940622921264"
"42.8688913785463","-0.03614827399136","0.22858654361409","-2.26904826582372","6.90725841612243"
"42.0552639822271","-0.03400935880519","0.2024993789022","-2.19953060018406","6.99133043798229"
"36.670065299322","-0.03211358117659","0.17956512502585","-2.12910614428848","7.08705968588278"
"22.8015836265515","-0.03045707285473","0.15475610384571","-2.05792223041317","7.14647037351088"
"9.0897393949715","-0.02910790411553","0.11908562465854","-1.98682182554713","7.08223405434455"
"-7.16634724467559","-0.02817750934106","0.07200853015007","-1.91705119637955","6.89240789457083"
"7.28948121023615","-0.02779884773887","0.01005141047851","-1.85003061670654","6.54691477910254"
"35.8560932674595","-0.02795812767192","-0.03722363422516","-1.78565947489555","6.34707893533744"
"80.389167456073","-0.02843619395058","-0.05660298825547","-1.72173156948931","6.42950405467713"
"111.829773449872","-0.02886877763316","-0.03247103364671","-1.65455884902384","6.95206320204035"
"127.820826754343","-0.02889092971002","0.02252488620267","-1.5804507359025","7.78607709851516"
"130.92129364323","-0.02827357674259","0.09398844732903","-1.49711516478405","8.7823570321948"
"124.252949994659","-0.02691549367798","0.17041473655474","-1.40360097414123","9.81897142099718"
"110.644831056963","-0.02481261166848","0.24352242831916","-1.30000105356666","10.8057047609692"
"102.780896266339","-0.02202836218054","0.30779378349705","-1.18715619557556","11.6802834939582"
"99.6600758750895","-0.01861242070386","0.37024719906323","-1.06583662764548","12.5065044565684"
"82.9597631248983","-0.01455009235794","0.43686316314252","-0.93623119683785","13.3379712758687"
"64.8813145431305","-0.00986744904507","0.49532612051557","-0.79899942548774","14.0451947227616"
"42.1308948539633","-0.00464723937801","0.5453899159817","-0.65542795502619","14.6200130241265"
"10.9859550814244","0.00100627152226","0.58333825915242","-0.5070709220201","15.02044128527"
"-20.0161656564157","0.00692990920592","0.60148489183165","-0.35611338768004","15.1660391131093"
"-43.3779587055776","0.01292870833082","0.60032845070862","-0.20508455269717","15.0600027961231"
"-59.7288332680008","0.01885195527349","0.58751817764674","-0.05607899830014","14.7787945520402"
"-60.6510483653553","0.02462059226941","0.56984445595908","0.08953187948937","14.3914428850058"
"-76.6138310921838","0.03026913294744","0.56243142316207","0.23152664491172","14.0507012110934"
"-116.408499184428","0.03581644972123","0.55006394921639","0.36953925052636","13.6053210139303"
"-134.820980394056","0.04108080548202","0.508661031391","0.50120767026591","12.8158773467262"
"-152.613787146796","0.04588563400766","0.45885365199061","0.62424838971617","11.8924588511193"
"-166.112593258447","0.05014518317512","0.40030590632974","0.73733047401133","10.8365400427517"
"-169.965416092289","0.05378954835038","0.33617739576944","0.83933462342554","9.68540837913962"
"-171.278952356808","0.05680905253714","0.27484983157353","0.92980435509223","8.52914799172569"
"-166.247171327884","0.05923893469539","0.21764757883874","1.00879417251483","7.38704222739436"
"-161.733679268918","0.06114893743408","0.16976993700792","1.07676213764479","6.31673514906899"
"-137.949982097945","0.0626240858958","0.12974789588903","1.13437074837477","5.30826774868434"
"-121.074871307903","0.06384398505947","0.11600344384147","1.18327239903985","4.54988455790293"
"-118.776782168572","0.06503158291004","0.1213625256025","1.22557897517952","3.97120506528784"
"-138.11062372872","0.06629832231477","0.13138939884842","1.26228938957047","3.42729582218741"
"-176.83616932597","0.0675734806671","0.12472224397295","1.2925707516833","2.70342645918468"
"-214.944626878428","0.06858362904188","0.08192289053241","1.31355914839317","1.60570610669736"
"-236.197116450936","0.06896688198149","0.00278041256154","1.32153043232685","0.13619821069004"
"-256.625455470459","0.06844403920785","-0.09747827350369","1.31365026354428","-1.54490333158753"
"-264.938559633832","0.06679779198519","-0.22003755089829","1.28779412456836","-3.43950155179915"
"-276.381098848864","0.06385827341346","-0.35528873868271","1.24242438860255","-5.43925824919218"
"-288.412283035812","0.05946668667958","-0.50907571729567","1.17624327521469","-7.58918128674701"
"-306.82482377932","0.05341770733349","-0.68508989485927","1.08763200071027","-9.91087291495269"
"-258.179174387784","0.04543491440428","-0.893257385019","0.97442569673986","-12.4860425221907"
"-175.496884159264","0.03554286644637","-1.07062806618918","0.83766189958473","-14.6649731794563"
"-66.4896493385691","0.02421810945179","-1.18639972840721","0.68308447060271","-16.1229541783148"
"43.2124075293819","0.0122096336728","-1.21617541484812","0.51929614628442","-16.6056039715501"
"122.632969940607","0.00037781938477","-1.15964669737599","0.35607464844949","-16.1073975031256"
"161.926877156509","-0.01057628329505","-1.04607649066514","0.20158586972196","-14.9261169677371"
"195.704262530845","-0.02029257586969","-0.91359586684761","0.06050343469254","-13.453435282818"
"206.58230856822","-0.02859898235393","-0.76524652879674","-0.06449766658206","-11.7325277444407"
"177.889799977789","-0.03544756231046","-0.62113928484678","-0.172120023069","-9.97867014718456"
"147.976016430187","-0.04108282419102","-0.51807397007503","-0.26413254434649","-8.57364210939025"
"160.30559772868","-0.04590981269802","-0.45519175787141","-0.34402956353125","-7.51912816687171"
"190.172234481615","-0.0500906608919","-0.38897179692986","-0.41295670806157","-6.38644759178537"
"221.036128669748","-0.0534887202857","-0.30060186231137","-0.46913452600954","-4.9940118410113"
"252.46618103486","-0.05586799009849","-0.1873742272391","-0.50986595585798","-3.32336617324012"
"270.133183663082","-0.05696500112605","-0.04650034680034","-0.53227895249638","-1.35774121535336"
"283.769831970113","-0.05656383794379","0.11108113094356","-0.53410386993659","0.77956381384438"
"318.201298197692","-0.05450243861533","0.28450924038902","-0.51375865755953","3.06431064335303"
"312.54789310428","-0.05048931138754","0.49805849046367","-0.4685313747017","5.7219600185922"
"269.022478229334","-0.0443201536393","0.71598704147112","-0.39677666081382","8.37394322693634"
"220.331842528601","-0.03613556272075","0.90471640482341","-0.30051317091776","10.6632166035541"
"146.579616699368","-0.02623565035805","1.06267198424611","-0.18355226521522","12.5557536140384"
"50.7138953597021","-0.01504948005066","1.16766287907114","-0.05115977744616","13.8147840101045"
"-44.5636696694935","-0.0032174432448","1.19937288013407","0.08916405035341","14.2275716233692"
"-125.770617614689","0.00853481626433","1.15890885200048","0.22900681308332","13.802292993695"
"-185.201123985087","0.01956006290215","1.05964058224975","0.36074792145008","12.6763150247572"
"-224.52275859543","0.02938120561608","0.92160237817761","0.47853633212941","11.0591342462617"
"-252.203193226661","0.03770780053868","0.76238406814377","0.57850175952922","9.13967823110708"
"-264.969626151908","0.04437580581805","0.5906119833439","0.65818205855604","7.01956472570503"
"-265.107277687676","0.04932352502926","0.41786531197244","0.71630043745641","4.83131196786626"
"-260.737777156564","0.05259180669098","0.25334824142819","0.75277514244776","2.6839526435378"
"-253.103578072293","0.05426948599369","0.09827428173074","0.76817077741146","0.60590759000538"
"-237.149828082753","0.05445167665642","-0.04720408864874","0.76327260921344","-1.3859309453334"
"-214.386506936379","0.05326381414844","-0.17768900992201","0.73931770039515","-3.22318667515513"
"-187.180798084914","0.0508786714924","-0.2889746083121","0.69815250155164","-4.85092426734028"
"-178.254135465261","0.04750025653218","-0.37881343634132","0.64205411777307","-6.23574194207692"
"-152.553126625826","0.0432326821466","-0.46723710067131","0.57239799053686","-7.56906933651531"
"-137.135682175486","0.03817272572441","-0.53919310565566","0.49057311416235","-8.69182235893555"
"-131.435248330594","0.03242066338711","-0.60636019774739","0.39808107433104","-9.7136981061074"
"-135.888472343678","0.02596370459778","-0.67977402431546","0.29536045662551","-10.7383840144801"
"-124.066966987868","0.01867571547664","-0.77104582731442","0.18178587871729","-11.8746533980776"
"-116.957853034725","0.01045823548718","-0.8656354626297","0.05708989709233","-12.9683744253171"
"-25.9162452604242","0.0012421982613","-0.97008487747664","-0.07861019968505","-14.0756574221422"
"66.3074891316469","-0.00861935427532","-1.00218513923016","-0.22088253052662","-14.3655827089302"
"138.164463901001","-0.01840095393117","-0.96137615592519","-0.36151062399308","-13.829391054811"
"198.895980430065","-0.027482921525","-0.86737434168891","-0.49334160302209","-12.6677352619455"
"238.129030343859","-0.03538602172613","-0.72961951901713","-0.61069224640316","-10.9838135776923"
"257.788616002414","-0.04177750399586","-0.56705529845591","-0.70945668845663","-8.98012353019718"
"266.924205293831","-0.04650004060047","-0.39612731255701","-0.78742993589662","-6.83684012215266"
"283.305463607787","-0.04950944839931","-0.22398935526349","-0.84370240635817","-4.64227313367634"
"277.879571090056","-0.05073504975587","-0.03996903828704","-0.87726870095045","-2.30674731774735"
"293.48454256029","-0.05015768621328","0.13782369013629","-0.88781546375064","-0.02951400126957"
"360.755459246118","-0.04770447418838","0.33398223178499","-0.87467095166172","2.41764605473995"
"339.402350820874","-0.04288657092509","0.60414161060353","-0.83318905719917","5.5712878455872"
"273.965464896401","-0.0354219478405","0.86511300276383","-0.7610273025904","8.5731556845203"
"143.714296196661","-0.02561666660082","1.07784493802034","-0.66198633762417","11.0075478375076"
"14.8710268295221","-0.01428733973709","1.18131804451288","-0.54519753644283","12.2446628289043"
"-97.0263700921891","-0.00250756499909","1.17868518863219","-0.42250485755623","12.3064794004895"
"-177.577955004342","0.0087557318743","1.08680052467781","-0.30472635417162","11.3617678145597"
"-228.974517387186","0.01877469331253","0.93539804479441","-0.20024046281237","9.71625480541474"
"-256.310353032144","0.02710019869047","0.75089564375765","-0.11452041794959","7.64829554779876"
"-285.327180300583","0.03351497050191","0.55389307561654","-0.05055840683449","5.38152254180757"
"-299.282395273057","0.03786395754256","0.33887427245652","-0.01053806463375","2.88010159160101"
"-292.544893966793","0.04002683406267","0.11667279717213","0.00390712623988","0.27341010056257"
"-294.827018729878","0.04002126298234","-0.0964418813503","-0.00726058124769","-2.25403524324423"
"-293.490051129798","0.03786489949729","-0.31377367916855","-0.04386405354736","-4.81407381539797"
"-259.144462375864","0.03351161868715","-0.53605289487963","-0.10615086349249","-7.39250813358862"
"-203.101607929196","0.02706930658824","-0.73463092511882","-0.19261168975465","-9.68124806206211"
"-103.862655129386","0.01887279448138","-0.89161521068884","-0.29926329602714","-11.4822134072004"
"1.66246859212177","0.00955894831737","-0.96664766198112","-0.41893354147396","-12.3772721701423"
"100.380934152652","-0.0000267052747","-0.95476054471444","-0.542258143942","-12.3097678134001"
"175.564689389811","-0.00905234899197","-0.86251847752384","-0.65998491876185","-11.3464912339981"
"221.493246129744","-0.01683578702332","-0.71178923485458","-0.76441127384177","-9.71469098122508"
"247.511593357765","-0.02293849731929","-0.52904567070849","-0.85038989897096","-7.69329904829374"
"252.506625984117","-0.02713108013748","-0.33070922679199","-0.91502710506966","-5.46412700367502"
"230.535696403112","-0.02935217438677","-0.13394674135045","-0.95729599386091","-3.2180889805468"
"199.55552994803","-0.02974442118882","0.03813258882422","-0.97840305420639","-1.20538424275192"
"175.440241850766","-0.02858500222261","0.17992743235235","-0.98108028533734","0.50107997471608"
"132.165741048713","-0.02612306049413","0.30112434067159","-0.9679324720792","1.98411193741603"
"79.5289394755739","-0.02265659870536","0.3849031619865","-0.94218068880847","3.06384852698932"
"34.8791448688535","-0.01860182513819","0.42349917961669","-0.90832576065225","3.6545993242858"
"-9.8865858301448","-0.01436187254567","0.42564697781092","-0.87079493489136","3.83988266607994"
"-47.4902551379145","-0.01030116758521","0.39125061686113","-0.83364610530703","3.61858707349897"
"-71.205863310282","-0.00674888376125","0.32680792288939","-0.80056689920364","3.05899205760212"
"-103.000847008347","-0.00393544199351","0.24498496094866","-0.77420813820406","2.29387751344208"
"-129.328871889184","-0.0020876835242","0.13607286647581","-0.75711228235923","1.23432162547306"
"-136.557858835668","-0.00145767463531","0.00341944856997","-0.75197919755221","-0.07558817892265"
"-132.012523133942","-0.00219151914978","-0.13641920712288","-0.76033060938705","-1.45756928050148"
"-98.1826147423956","-0.00431116014469","-0.27437607187588","-0.78231385060506","-2.80740626469777"
"-58.5029529697054","-0.00765132145509","-0.38377702230802","-0.81606975625797","-3.84528372670847"
"-29.4193411013343","-0.01190644414593","-0.46089629401001","-0.85821769559026","-4.52329274399597"
"25.7915532503476","-0.01682090096566","-0.51787324928784","-0.90578614586359","-4.95507818926144"
"74.364791667974","-0.02205586359126","-0.5296319737683","-0.95490739018124","-4.88464106103992"
"106.156995136167","-0.02719786532297","-0.50309080025139","-1.0009356326556","-4.37982509181339"
"123.187845121552","-0.03195423909371","-0.45458477770294","-1.04044058478962","-3.60627590467092"
"134.397131681922","-0.036181826309","-0.39797553003134","-1.0715235098218","-2.7071421364531"
"152.137224938764","-0.03982570944689","-0.337993441346","-1.09321934090366","-1.73520122956317"
"163.877683828958","-0.04280988982865","-0.26693202280582","-1.10440933115449","-0.61931706407619"
"168.601701327427","-0.04504909818694","-0.18940504109756","-1.10394663213161","0.58745169536438"
"172.570660205625","-0.04650894706601","-0.11090389024361","-1.09126646443439","1.82261009153483"
"180.824000474819","-0.04717533304139","-0.03063119301514","-1.06608372432248","3.08640029285531"
"185.779720303404","-0.04699831256473","0.05728688660094","-1.02783308322114","4.42962346314315"
"180.765193098395","-0.04591008952096","0.1512969630082","-0.97585384966115","5.82808711737294"
"167.130039918338","-0.04389435552171","0.24329349543787","-0.91009029778065","7.19151318652455"
"162.821380724384","-0.04100858024268","0.32647123648314","-0.83131613691377","8.44284194458939"
"150.303182181443","-0.03728056414655","0.41180011563147","-0.74009410032616","9.68352387990072"
"144.726961140641","-0.03272474048188","0.49274000250555","-0.63693595306314","10.839840321533"
"200.860149600612","-0.02733804686345","0.57782743026923","-0.52225991407985","11.9891419451152"
"221.236141564538","-0.02073022045265","0.73059005263317","-0.39269572210291","13.757533483013"
"210.521357025005","-0.01240571717266","0.91822299756777","-0.24394115580063","15.8022989359634"
"145.259392035032","-0.00216759545166","1.11318268521517","-0.07484719799429","17.8300561651984"
"51.6270132200916","0.00977708702267","1.26443728808497","0.11151170701646","19.3123858549308"
"-54.0335211331868","0.02285119937177","1.34635999703141","0.30819752949136","19.9787521342757"
"-154.977307862584","0.03630513477743","1.34852182211999","0.50643743421657","19.7167701583259"
"-234.15433406208","0.04937000154927","1.27594147930281","0.6972237990122","18.5756675876758"
"-296.323689344234","0.06141344438843","1.14935744652089","0.87294415739053","16.7688751486406"
"-337.71413165809","0.07197802480758","0.98364434326385","1.02782734438794","14.4567032888256"
"-304.249840822991","0.08077047766304","0.79651858037708","1.15788424700085","11.8321455658527"
"-313.279756801511","0.08796573390064","0.65871810854588","1.26398946758225","9.6220685571071"
"-312.83267992552","0.09380885892242","0.5252170870522","1.34788024450525","7.38928643235515"
"-314.398429895514","0.09837969835104","0.40273431751521","1.40977275831272","5.21446679389213"
"-333.279983913333","0.10176374450362","0.2868080257371","1.45006717960344","3.0651222368025"
"-368.422567462508","0.10391973119","0.15800815970919","1.46800966888394","0.75785072573213"
"-389.574462582796","0.10461688783385","-0.00228618916629","1.46106550895134","-1.8814222146337"
"-393.668789877777","0.10359887420623","-0.18350669389729","1.42658919896501","-4.73052267630245"
"-393.048423173066","0.10072887514545","-0.37252739759839","1.36330909939913","-7.63939508921776"
"-382.470662417754","0.09593330408498","-0.56856745006881","1.27077615145618","-10.5811194488906"
"-372.051768683928","0.08917421511443","-0.76577051932058","1.14909347969569","-13.4772320246879"
"-354.699150396303","0.08041731795685","-0.96826186510104","0.99859818423394","-16.3493829016034"
"-323.6449537123","0.06962550709366","-1.17317375226094","0.81979829679816","-19.1487378117453"
"-269.983390209308","0.05682774162645","-1.37081426112196","0.61406473758277","-21.7582056326161"
"-204.599356126796","0.04220048569914","-1.54224604716098","0.3844398631956","-23.9694339112448"
"-133.279318823308","0.02605354225232","-1.67869274981109","0.13547352921173","-25.678710345695"
"-8.6178846249648","0.00875656529577","-1.77644859939665","-0.12754509962866","-26.8364936087635"
"125.83998778658","-0.0090189032953","-1.78358939007384","-0.39620491407586","-26.9154060319175"
"242.859706543358","-0.02631453072221","-1.69040199857528","-0.65918535680975","-25.8178087364996"
"336.53715429908","-0.04221672043985","-1.51296230657533","-0.90565530319341","-23.7125040346223"
"406.293239240212","-0.05599699608301","-1.27179239237755","-1.12675979251155","-20.8206454683674"
"442.984777469604","-0.06712754404007","-0.98661446155752","-1.31584745934386","-17.3619853694538"
"471.990277112185","-0.07532100248631","-0.68506344259373","-1.46892678214718","-13.6405408740845"
"555.740244296959","-0.08042332457091","-0.36882654238941","-1.5836294062098","-9.70303055107992"
"586.278068528783","-0.08195396130982","0.02292070139015","-1.65462263237493","-4.97188372802998"
"559.735856026695","-0.07940472079126","0.44548768781646","-1.676656432517","0.0656285737183"
"510.456471801237","-0.07273025828647","0.85109081970512","-1.64953597181359","4.88789932668954"
"421.517777963823","-0.06217817677372","1.2254347369832","-1.5764206594807","9.31107732625699"
"293.836769874955","-0.04823761351105","1.53620828067016","-1.46327372023808","12.9752688061359"
"149.469581968296","-0.03172573734797","1.75012509483956","-1.31966664008256","15.5185381424832"
"-6.98927893858354","-0.01368325684233","1.85376740255381","-1.15764278430986","16.7877371418006"
"-136.225892402537","0.00472961226033","1.8363994593184","-0.99057394989071","16.66687481725"
"-254.57070995884","0.02245200598492","1.72490848438728","-0.83086814279698","15.4263344405082"
"-348.803146863921","0.03859427115777","1.52845062407567","-0.68915820875237","13.167685587177"
"-381.39579024546","0.05242310350316","1.26796638295502","-0.57436971539115","10.1181339662888"
"-369.231828944177","0.06361250509725","1.00044404016421","-0.49113798340835","6.87199680947188"
"-364.561099129644","0.07230923465703","0.76536028490878","-0.43911176900893","3.85041301746727"
"-344.606966311158","0.07877008959534","0.55049930296252","-0.41659034875716","0.95466860494758"
"-352.734265085116","0.08325639766189","0.36667596028353","-0.42160281353807","-1.68536426411063"
"-372.615708813918","0.0859041512612","0.18223723851862","-0.45323591175339","-4.36828088329494"
"-379.32619742309","0.08662265734393","-0.0182147190844","-0.51266486708426","-7.22993188203684"
"-365.718957685966","0.08530141906054","-0.22569464121358","-0.60107008914462","-10.1601792186708"
"-350.952856498032","0.08195772111653","-0.42427616095049","-0.7181454775273","-12.9786109500184"
"-325.354331583787","0.07666462927108","-0.61682613464227","-0.86282258713941","-15.6941110102156"
"-315.50792674039","0.06952036281819","-0.79641522753418","-1.0335865875176","-18.2181843250727"
"-260.019686557464","0.0605487781231","-0.98226115585082","-1.22948408872587","-20.7254826903057"
"-228.373710760902","0.04991761713641","-1.13241920266717","-1.4479421241834","-22.7782604025815"
"-178.980860071113","0.03783737163245","-1.27344355901427","-1.6857987084992","-24.6277152938083"
"-133.169004764683","0.02448260036136","-1.39014337057559","-1.94011359285399","-26.108603509038"
"-112.943195505421","0.01006518017741","-1.48816004824928","-2.20745229376633","-27.266288127164"
"-23.0222843246301","-0.00537876949414","-1.59488246773549","-2.48603621425281","-28.3649654080163"
"70.8203096605904","-0.02156276540311","-1.64232422705311","-2.77148747999605","-28.7156084274838"
"180.369779010182","-0.03787839652731","-1.6274987199911","-3.05613866846781","-28.2835534724536"
"269.630018958593","-0.05361756468362","-1.53470673120628","-3.33130750605605","-26.9125863503453"
"324.500326163565","-0.06810639176565","-1.38299334143025","-3.58869935579819","-24.8008090866647"
"355.604227698675","-0.08093169452039","-1.20421765533075","-3.82273872856905","-22.2806346822075"
"369.404853280586","-0.09193568013137","-1.01881983537606","-4.03056299926191","-19.5736765118339"
"375.926465648344","-0.1011271372676","-0.84041869925824","-4.21115561102483","-16.8345515863892"
"372.443118267971","-0.10859605382256","-0.67267171831586","-4.36449410753692","-14.1177182818492"
"387.061028657729","-0.11448435477234","-0.52204736799914","-4.49125064380525","-11.5050118959161"
"394.699077898177","-0.11884827584239","-0.36766648402724","-4.59139534061592","-8.80184389245252"
"387.511045815929","-0.12167096342031","-0.21328472827153","-4.66431684825539","-6.06147061811787"
"358.052857247484","-0.1230150846024","-0.07031197176642","-4.71035975799992","-3.41425412284664"
"313.347132400198","-0.12309843815773","0.04233034187465","-4.73158040309793","-1.0650345879"
"261.402757295975","-0.12229341145053","0.11196426198205","-4.73171934057217","0.84728465320117"
"239.73003659969","-0.12106089536199","0.13284590221906","-4.71549727406486","2.25802317702966"
"239.455222987024","-0.11972243178558","0.13505580632308","-4.68627421824195","3.46775026580341"
"257.608738900492","-0.11834890078114","0.13963384408355","-4.6448970406743","4.68786591591664"
"275.812097997377","-0.11681669314619","0.16478463857407","-4.5902588115517","6.10092762004585"
"274.201266876198","-0.11491727706195","0.21108024585321","-4.52041432845419","7.7101104108702"
"302.157992578025","-0.11254142193247","0.25996845824543","-4.43445446682672","9.32428326530238"
"327.002862735124","-0.10949798026214","0.34154918941661","-4.33069484429455","11.2409457708435"
"336.780101267734","-0.10546805009627","0.45446215474825","-4.20623444019848","13.438079503048"
"326.524407407102","-0.1002075921621","0.58618434579112","-4.05902537722318","15.7784472450762"
"300.085281935631","-0.09362279771083","0.71959695856155","-3.8886536173231","18.077001139743"
"262.297218372014","-0.08577033386035","0.84129881053963","-3.69634816883536","20.1861574680052"
"217.50444373396","-0.07681632568392","0.9423208132481","-3.48456036481852","22.0042670724401"
"169.318677828089","-0.06699553352704","1.01750507378853","-3.25653497771183","23.4701621093507"
"130.911318258969","-0.056577536805","1.06473504703996","-3.0159462013327","24.5557979982817"
"111.822666240476","-0.04578380050973","1.09451101833279","-2.76604040688104","25.3620330842197"
"111.39460148577","-0.03467989932995","1.12663169276257","-2.50853751673186","26.0841171840773"
"121.028029439338","-0.02313649193154","1.18038909076494","-2.24323704071476","26.9117051757296"
"112.053161932335","-0.01087636651533","1.26692101307387","-1.9685032300857","27.9507375978671"
"73.9293881994059","0.00233429126259","1.36920835328146","-1.68320405799793","29.0228475715629"
"-16.6355309112838","0.01650255699212","1.45989122632868","-1.38856522401718","29.8450164011468"
"-120.931336295858","0.03123297105929","1.48807404743901","-1.08992756364399","29.900208044647"
"-218.639987486802","0.04582971840799","1.44070987147036","-0.79569136830173","29.0548475159684"
"-303.06225122134","0.05957181650758","1.32387862058774","-0.5145033810347","27.373294422198"
"-366.350983103324","0.0718289258996","1.14909287224988","-0.25403120330399","24.9808871306729"
"-398.718583997156","0.08212191910071","0.93444808113302","-0.0202939724971","22.0748343370451"
"-410.474318671359","0.0901999824135","0.70670301349295","0.18316279922877","18.9437507950002"
"-417.33961249895","0.09602006453472","0.48181260349632","0.35509359510885","15.7700759955789"
"-410.030217366334","0.09961222515945","0.26005350613716","0.49521199765429","12.5791549220815"
"-390.268658756666","0.10105970303772","0.05088580716705","0.60399021052297","9.48828044237405"
"-361.372712409936","0.10053206451638","-0.13770054330709","0.68298451710335","6.59878807943699"
"-336.765881262562","0.09826313853531","-0.30053405645877","0.73459631935934","3.98156454381857"
"-336.759225170639","0.0944687306727","-0.44512830428056","0.76122102506113","1.57748947197319"
"-353.256170139903","0.08918135031362","-0.59872479710291","0.7635664494703","-0.87224626009692"
"-354.840890204359","0.08220410711729","-0.78081733727479","0.74018806395697","-3.54760372359015"
"-317.862260160369","0.07331327556752","-0.98033433587167","0.68954235654595","-6.31929035556276"
"-224.81753174669","0.06252379717813","-1.16285281931692","0.61266912690445","-8.8228980488244"
"-115.746261083655","0.050294044764","-1.2757732910015","0.51523365966374","-10.5148506371037"
"-21.9345170228698","0.03739752319806","-1.30477388408234","0.40618792456582","-11.2421266019299"
"36.7480527739623","0.02458756201549","-1.26527012018094","0.29433626777543","-11.1569986298093"
"117.327868758356","0.01236009128768","-1.19152196987729","0.18589364151555","-10.6060380577981"
"177.9837395636","0.00118556131318","-1.06012805505604","0.0867597584586","-9.36292656121507"
"215.019627322436","-0.00845653640185","-0.88858294176447","0.00282139512099","-7.6151446231034"
"231.914122570065","-0.01627767036477","-0.69733691539741","-0.06209182249514","-5.58350736197102"
"243.362091739838","-0.02217197240722","-0.50291858925928","-0.106152795159","-3.45167217740894"
"240.165847211486","-0.0261169710001","-0.30699604083368","-0.12855634691624","-1.25532620218071"
"234.608260994695","-0.02815705128689","-0.12038056982239","-0.12935703011047","0.87830602292483"
"196.44022587689","-0.02837777229183","0.05826961578877","-0.10920874595639","2.94424393125815"
"148.856851344185","-0.02701860567958","0.19982863479658","-0.07048329160098","4.63398779948337"
"99.7514695317898","-0.02448630381389","0.2976571676493","-0.01738031686157","5.86732736442459"
"47.9408078705634","-0.02121534802497","0.35213810532211","0.04550827082853","6.63853614296534"
"7.63123176285731","-0.01764767350513","0.3616029007135","0.11344412142193","6.92567932307505"
"-15.2559668553195","-0.01416849863642","0.33774560083027","0.18222717037739","6.84466342172969"
"-49.680665338676","-0.01101718849272","0.29755938997907","0.24912402085929","6.56753415920268"
"-61.6501797068513","-0.00842467595232","0.22867940445735","0.31151805409261","5.97478285243435"
"-42.4353035724286","-0.00656116257135","0.15227779934398","0.36745425663704","5.2845493896805"
"-17.4812428810876","-0.00533816077371","0.09814045407293","0.4176339590347","4.80169599806798"
"21.9601481451015","-0.0045075910943","0.07096418098994","0.46441603163397","4.5784119339333"
"38.1566367001218","-0.0037233839417","0.08475022087396","0.51117688495244","4.75714350904467"
"88.8119578885427","-0.00270315479485","0.1164506613372","0.56066126545495","5.10642962818632"
"123.684123759245","-0.0010747684761","0.20125915155017","0.61648729515498","5.97453326516278"
"126.847041862544","0.0016141910402","0.32500773570677","0.68301578351569","7.2116958273863"
"83.5251660141386","0.00559111065832","0.45830906345288","0.7622551258309","8.51240737817704"
"8.15198858183777","0.0107095583479","0.55713307677302","0.8523523883638","9.4240367085851"
"-72.5375319030634","0.01645937277889","0.59126628516827","0.94770818359041","9.63522939260926"
"-132.569538726443","0.02216924633048","0.55608023301197","1.04105023673893","9.09632954004586"
"-196.512197838993","0.0272573806957","0.47165538928113","1.12600336655307","8.01115757161219"
"-275.833588556867","0.03120188480781","0.33247437780081","1.19685073313862","6.33274373462794"
"-307.466839541171","0.03335671984643","0.12044007855783","1.24674554557892","3.89386330979104"
"-314.391419500809","0.03323391969034","-0.12086953590773","1.27059650604943","1.15064976516178"
"-277.780098425686","0.03065061369209","-0.3715358029026","1.2665874759585","-1.67408059052971"
"-188.066467863993","0.02572540899045","-0.59294465743352","1.23615953873184","-4.1698897245239"
"-96.0030316168365","0.01901883556165","-0.73620369796458","1.18540165449596","-5.82681856789787"
"-8.33923302763176","0.01130922881413","-0.80165548811315","1.12275316716618","-6.63450579771617"
"70.1533997629147","0.00334268623352","-0.79489901455832","1.05642726492262","-6.64266685258479"
"120.933784663923","-0.00420944061102","-0.72496751287061","0.99391394445766","-5.94224326685303"
"151.852975492245","-0.01086167617435","-0.61831410105778","0.94080513874319","-4.8041593305946"
"167.431075966261","-0.01634554514512","-0.4928097498862","0.90043673773399","-3.41722080978546"
"176.331225779672","-0.02054397490785","-0.36140368317668","0.87451764476928","-1.92297461394329"
"164.598552698332","-0.02342069497472","-0.22821787213872","0.86382334977105","-0.37544985753981"
"147.249596305236","-0.02505711517211","-0.11130927008756","0.86782342385874","1.03195234722989"
"128.207701712882","-0.02563394422318","-0.01399193118773","0.88487282176398","2.25463683520489"
"108.966606554767","-0.02534551521752","0.06396329251169","0.91308594458169","3.28532526451943"
"80.059218176078","-0.02437777920994","0.12389522230789","0.9505758251082","4.12973522703761"
"55.2701066858918","-0.02295741676613","0.15729251911817","0.99498171446234","4.69699358060571"
"41.57315561837","-0.02132309880975","0.16893406381231","1.04377862391168","5.0315667484363"
"42.1291514359245","-0.01962973415007","0.17016355193079","1.09525783269474","5.24560814815032"
"47.1925183890426","-0.01790267184521","0.17529389551914","1.14899973118583","5.48192904891181"
"48.1145456510304","-0.01607758519526","0.18894672604158","1.20547765328296","5.78617387600065"
"44.5511434718253","-0.01409071394375","0.20723860296405","1.2651496641348","6.11822486988762"
"11.8610726744287","-0.01191847241814","0.22603063370768","1.32805646865351","6.43496306275315"
"-15.6577667438274","-0.00971429376068","0.21647508473953","1.39245181216696","6.44652037989794"
"-48.7523721140563","-0.00773376865756","0.18356641111275","1.45556544407477","6.20371257758443"
"-73.6842768450441","-0.00624433374609","0.12106244998657","1.51453083410875","5.64744731774007"
"-104.083880617015","-0.00550324019388","0.0359234217857","1.56663139251753","4.85334028222929"
"-64.1370343527005","-0.00577577686327","-0.07900719094117","1.60914368315872","3.75827698249441"
"-15.4178937675005","-0.00698419629165","-0.15541419954567","1.6428710039194","3.05556851619984"
"33.7608230245696","-0.00870379847559","-0.18599887712063","1.6721754752493","2.82557139938649"
"68.3596448224492","-0.01047788744934","-0.17090496069181","1.70178917592883","3.06985689274142"
"88.3333631016935","-0.01192913559647","-0.12446624591959","1.73565663914587","3.64384674785441"
"96.3028581841775","-0.01282017271126","-0.06044280493314","1.77629230610897","4.40561203351414"
"95.0784988256367","-0.01303464919848","0.01038378829604","1.82494635617859","5.2412302730064"
"97.463267881263","-0.01254762786714","0.08018679875381","1.88188907892134","6.06561026750325"
"97.4811187468154","-0.01134189746777","0.15396091342673","1.94724461812754","6.92177824049198"
"99.0733055076706","-0.00938287229507","0.23078442156789","2.02124018186867","7.79329874379697"
"85.2240953919558","-0.00662313551075","0.31374744857561","2.10415721738038","8.70349549535246"
"68.6758615077619","-0.00307751620147","0.38898797070926","2.1955766981498","9.50584358417461"
"31.046060698722","0.00117009849853","0.45526970180015","2.29431247259801","10.1806408125653"
"-0.94623081614699","0.00592121814952","0.49273675339075","2.39796460054242","10.5231680330222"
"-24.425889342468","0.01092324140605","0.50777749706604","2.5035430234524","10.5935360860306"
"-46.0381762802328","0.01600080135512","0.50922981005994","2.60880471491454","10.4784971275826"
"-61.160603860917","0.02102871492362","0.4990027634138","2.71200053230725","10.1969475664321"
"-55.3817513123761","0.02592506614827","0.48341263539284","2.81181831972303","9.81293449797252"
"-45.2031036704391","0.03074970323421","0.48310453751866","2.90837548301252","9.53415835254695"
"-5.01557019069134","0.03567929523742","0.50246461844359","3.00296434322259","9.40449235964817"
"-33.5584022524633","0.04107712815658","0.57188056452024","3.09873316824376","9.72569931511375"
"-63.6880384269374","0.0470723187954","0.62387354380969","3.19644389623407","9.81684795471024"
"-111.553744109215","0.05348792220659","0.65789947815669","3.2937388252056","9.66730584377103"
"-150.362482804395","0.06005118190235","0.65696260207723","3.3872590211787","9.10364295702979"
"-193.057802412611","0.06646313410244","0.63018539745101","3.47336646975462","8.21690447013508"
"-232.020029348379","0.07244218959762","0.57327241852151","3.54860915794584","6.96647122668985"
"-264.546742213561","0.07770237755755","0.48893514476635","3.60953101901921","5.38479642291641"
"-289.463879177526","0.08199644073438","0.38200240009952","3.65313227403654","3.5283230031691"
"-306.326840084448","0.08512902152538","0.25797361606814","3.67702715000066","1.46257374752134"
"-330.594827537539","0.08695994114827","0.12239828676796","3.67949744856558","-0.74460056828127"
"-327.331595900775","0.08731871099932","-0.03478021575161","3.65865028078906","-3.18049817375122"
"-304.457134248958","0.08612223382863","-0.18942362188187","3.6136161911555","-5.58751052186918"
"-263.723359487247","0.0834855321681","-0.32519191320698","3.54566846410767","-7.78645569497333"
"-212.247831413721","0.07967963114952","-0.42703927281467","3.45778813998125","-9.6131680230807"
"-161.86250793716","0.07509114095981","-0.48622649094215","3.35422978596599","-10.9702482087859"
"-121.541920288236","0.07013427705736","-0.50488117543547","3.23959948851529","-11.8734754664174"
"-91.5000003310543","0.06515730808123","-0.49327657765257","3.11787596481812","-12.4241414726977"
"-80.6105190552987","0.06040776731463","-0.46135332741457","2.99202847314242","-12.723063614697"
"-104.889115581043","0.05598722347051","-0.42755969454224","2.86354100977309","-12.9580168539191"
"-121.607799225443","0.05172506890236","-0.42636648306099","2.73114076225128","-13.4769970539239"
"-125.679455558375","0.04733713149278","-0.4502499072426","2.59240340491988","-14.2047794608528"
"-119.028942612983","0.04263973321262","-0.48706551764999","2.44592327682424","-15.0175578771265"
"-109.679998051826","0.03755864154985","-0.52681857026771","2.29142030170973","-15.8118189071961"
"-98.8022104423561","0.03207510246804","-0.56758334861617","2.1292069787104","-16.5644370736263"
"-91.534403208679","0.02618307842728","-0.60861958605072","1.95976229648092","-17.2640440363175"
"-76.008955367285","0.01985562277202","-0.65434053381046","1.78339613881925","-17.9507185722374"
"-58.1074151509326","0.01308656015112","-0.69735297346643","1.60066842517023","-18.5461748137688"
"-23.5807308880627","0.00591148466954","-0.73609925907493","1.41259954976508","-19.0306841357557"
"7.38385999367941","-0.0015394884651","-0.7546427197876","1.22119378526666","-19.2413749868077"
"27.2496298846572","-0.00908620847667","-0.7569092702595","1.02898222304208","-19.2156475860021"
"64.1372846582125","-0.01662756613342","-0.75407915290939","0.83771555837281","-19.0648943972991"
"103.90577975497","-0.02401868619308","-0.72904050605003","0.64958149416473","-18.6184909922405"
"120.890993393351","-0.03101949787694","-0.67845546904831","0.4677051139869","-17.8454553733527"
"149.348703071338","-0.0374951254382","-0.62420372529865","0.29412282081124","-16.9691748110199"
"156.962192149411","-0.04334020049041","-0.55376675748488","0.13052535616986","-15.8698284482379"
"176.871926268237","-0.04850027572295","-0.48664979671963","-0.02196690484805","-14.7491589823768"
"197.268663352071","-0.05293379873334","-0.4092528856667","-0.1624293968643","-13.4777946459231"
"214.582158894364","-0.05652724213278","-0.31959149422055","-0.28928850439925","-12.0434415540948"
"227.352565009537","-0.0591654681878","-0.21899460967526","-0.40103673206554","-10.4681675625464"
"234.91204322936","-0.06075332710028","-0.11001456405862","-0.49646056443543","-8.78739500132486"
"247.331603851854","-0.06122380410172","0.0043128384786","-0.57473183302407","-7.04224933803756"
"241.164314533412","-0.06048436512847","0.13111702997188","-0.63487760435944","-5.17273398372308"
"233.6281618969","-0.05849837321716","0.25438731855892","-0.67660440706388","-3.35155178725686"
"256.767065296056","-0.05529511749989","0.37521375879006","-0.70040236628339","-1.57999126820305"
"243.753634214019","-0.05071751817539","0.52664586523915","-0.70501726858335","0.46045212889533"
"211.63827436542","-0.04464170941246","0.67559267807492","-0.68966324437341","2.42393771425491"
"158.001963967435","-0.03718140406593","0.80585891246137","-0.6560791617617","4.13401149017754"
"106.440276665572","-0.02862781463498","0.89837077084242","-0.60791388669615","5.38751442745553"
"35.1196524967406","-0.01933719045662","0.95689556935799","-0.54957162451722","6.21329275615768"
"-43.410090211938","-0.00975195478036","0.96266165849599","-0.48638736531522","6.41840841115915"
"-94.5244177495076","-0.00043837285597","0.90847972139353","-0.42496047284257","5.93069987420421"
"-114.203370342159","0.00815023759694","0.82079572234941","-0.37073426638935","5.01953530602619"
"-95.4048596391405","0.01584339901671","0.72947217903934","-0.32625513942666","3.99158256155223"
"-123.64506846839","0.02280705564653","0.67133599020749","-0.29062049637766","3.22346289079484"
"-166.64730012305","0.029107328859","0.59809807911119","-0.26385376222266","2.23864861988544"
"-196.676436128485","0.0345045583392","0.49357494664691","-0.24897015663555","0.88258025976827"
"-211.508422184873","0.03874676394361","0.36875514247526","-0.24902049217227","-0.7248335048216"
"-213.61965535141","0.04170149509055","0.23641479089053","-0.26574770531389","-2.44373654194847"
"-206.021685154713","0.04334922199951","0.10666690038343","-0.29963897580622","-4.16005694286611"
"-191.445267736467","0.04375500329788","-0.01335568314386","-0.35020651532215","-5.78971577377684"
"-187.645108458141","0.0430411514945","-0.11906033313254","-0.41626716505377","-7.2749749259965"
"-171.511230395503","0.04127987690665","-0.22332660695921","-0.4970281940891","-8.73412452070164"
"-143.832345267605","0.03854197895559","-0.31587620887139","-0.59160778990681","-10.0541975472473"
"-103.928569233835","0.03499791897367","-0.38696807402326","-0.69803145842823","-11.1287986007785"
"-67.8128726895697","0.0309216108718","-0.42573243966494","-0.81321149898017","-11.842427012265"
"-38.1090018276196","0.02661099018484","-0.43668849850972","-0.93376848403241","-12.2365168395203"
"-19.8592167088116","0.02230738690295","-0.4264479109499","-1.05686665010432","-12.3761045576005"
"-5.76463030594073","0.01816056502948","-0.40627598329101","-1.18058669105838","-12.3747400429952"
"10.8451533706521","0.01424899925025","-0.37993843518319","-1.30373749851448","-12.2720207831443"
"34.0614882058233","0.01065094655152","-0.34439440441978","-1.42515338758599","-12.040172839249"
"39.8377132263274","0.00749855363488","-0.29231849930503","-1.54316102706575","-11.609544777212"
"55.9610492312144","0.00486640393896","-0.24018405736184","-1.65670593568038","-11.1497122123913"
"70.6153088979575","0.00281769551508","-0.17658974521277","-1.76489854173243","-10.5519468647204"
"75.9139518647004","0.00146559917184","-0.10176174794237","-1.86640710583813","-9.82473358945109"
"46.9533504373347","0.00087879052679","-0.0236169500942","-1.96041276787735","-9.0544404079141"
"19.0557543735477","0.00091005498293","0.02500945083428","-2.04832878557245","-8.5765417481151"
"-1.96836259536001","0.00127578925358","0.04613934393105","-2.13299197157605","-8.37561363731755"
"-5.83873085558494","0.00174162384229","0.04708372996168","-2.21678003303356","-8.38073368624033"
"-17.1762258236807","0.00220064399133","0.0450704935258","-2.30080702175662","-8.41999371070003"
"-30.5314001662069","0.00258196270067","0.03256884388778","-2.38582623635339","-8.56838309521954"
"-38.1626852753102","0.00276839970414","0.00730897521919","-2.4730459360082","-8.8473390498212"
"-50.2793337919924","0.00266138935573","-0.02546316419238","-2.56346929747552","-9.20201257433655"
"-54.873104330944","0.00215767970281","-0.07089161820903","-2.65811749203917","-9.68055108973394"
"-56.9214295284109","0.00116745649343","-0.12232215228353","-2.75783854969472","-10.2120696310427"
"-56.7963930664552","-0.00036072987787","-0.17821164909967","-2.8630494126759","-10.776124674023"
"-54.2070414467771","-0.00246544997865","-0.23747707768671","-2.97398556651593","-11.3564306317605"
"-54.0823039994211","-0.00517321579231","-0.29880847781879","-3.09070547296727","-11.9341075681196"
"-90.9251607006546","-0.00852482919376","-0.36587908069935","-3.21335124654125","-12.5398280670132"
"-90.5147245963261","-0.01278843140187","-0.47707796554545","-3.34427344838275","-13.5503265892585"
"-68.8709398702251","-0.01821122198221","-0.59719333880234","-3.48552453721832","-14.6031908861813"
"-39.2285838678171","-0.02477805332685","-0.70725652740792","-3.63642207254134","-15.4972935273996"
"4.61967932427751","-0.03235623458396","-0.80138021806129","-3.79499692266565","-16.1630741135036"
"52.5763445089182","-0.04071854377176","-0.86717066733561","-3.95823563872553","-16.4674658640752"
"105.505187811324","-0.04956679362849","-0.90184442540292","-4.12233716213927","-16.3760398343113"
"138.871555730581","-0.05856722796159","-0.90120351341238","-4.28309458253526","-15.8431396074115"
"195.962672747739","-0.06747514832646","-0.88488784375951","-4.43717391891204","-15.0648698186586"
"250.436679058743","-0.07600312343385","-0.82906870292927","-4.58081859219626","-13.804043460402"
"301.258694877247","-0.08376629649325","-0.73548385718545","-4.70932876866415","-12.0829621504024"
"329.937729605959","-0.09039864976703","-0.60613743774288","-4.81826323026904","-9.93038825787492"
"338.434774287799","-0.09565057145279","-0.46057551395194","-4.90445570795058","-7.5546700855239"
"295.78413498214","-0.09945426223997","-0.31592054382186","-4.96669929713734","-5.14188911102387"
"278.805005959245","-0.10208040073879","-0.21980113405591","-5.00732991080156","-3.18443052277872"
"268.726841029113","-0.10386318303929","-0.1448480713596","-5.02944076233452","-1.41744448289424"
"276.694860094304","-0.10496814726234","-0.08272844787799","-5.03451649858945","0.2351690115614"
"307.290166088371","-0.10541877456308","-0.01438982598931","-5.02268269691424","1.95846259301395"
"340.090228222585","-0.10502290218692","0.08385425048703","-4.99196368463661","3.98342068921951"
"352.241685476555","-0.103459168251","0.21616044396084","-4.9391704108436","6.34191317276911"
"344.408097689469","-0.10048464758993","0.36484415233979","-4.86201951362975","8.84307401458674"
"321.119010343639","-0.0960276575885","0.51318209883263","-4.76009012502841","11.3041230252921"
"292.134315886141","-0.0901593228431","0.64884420269875","-4.63454399349457","13.5866049390375"
"275.439528893441","-0.08302268538782","0.76882143613399","-4.48740452017145","15.6470340777953"
"257.453436261021","-0.07469473114262","0.88761211990161","-4.32015698978782","17.6189875602691"
"240.430288068488","-0.0651817450072","1.00622621236474","-4.13369426619842","19.5009587613127"
"212.09531163948","-0.05446773115782","1.12789516871757","-3.92880189008931","21.3137283091851"
"147.625786281718","-0.04257155971334","1.24362091644366","-3.70673104134407","22.9555381867937"
"52.2884504853927","-0.02973957234979","1.31933721655482","-3.47112152589732","24.0749829182004"
"-37.7778427114947","-0.01653443744478","1.32532547395347","-3.22886262023042","24.3684336734617"
"-104.146368469645","-0.00362384580737","1.2667907866342","-2.98792438596957","23.8877975384566"
"-163.451023232043","0.00847213064186","1.16635106728705","-2.75477006264299","22.8647417815414"
"-195.208164445252","0.01936381250219","1.02923781135737","-2.53448047036417","21.3611774153062"
"-223.859929534306","0.02882281066375","0.88053007861451","-2.33040867131817","19.6407219499128"
"-240.47589951598","0.03673505662287","0.72052990913904","-2.14462661150614","17.7207906528957"
"-245.779627495677","0.04303714712864","0.55821351713247","-1.9785492336733","15.7066406836802"
"-242.091474592994","0.04775070065305","0.40172170134186","-1.83258356178436","13.6955471593397"
"-236.872055268561","0.05096621387941","0.25694062210698","-1.70629107788222","11.7617831456337"
"-235.803279340991","0.05279313026412","0.12250886401216","-1.59889541082835","9.90606581477937"
"-242.023120157777","0.05329724163913","-0.00840749373032","-1.50991927480103","8.07337678875776"
"-251.352333762793","0.05245929520026","-0.14570506954467","-1.43960522973026","6.17772140178857"
"-249.143914598702","0.0501834432767","-0.29523704354233","-1.38882923416641","4.17417267808351"
"-235.034093011881","0.04639443214816","-0.44846412248852","-1.35811869554501","2.16289829458667"
"-206.088614561822","0.04110398622236","-0.59653041766286","-1.34698110439959","0.2475330956764"
"-166.237311050147","0.03442918696201","-0.72749283725132","-1.35372229780579","-1.43806023937674"
"-109.634333353192","0.02658693375326","-0.83294524994783","-1.37551465027968","-2.79717941439016"
"-27.5775657874183","0.01791323544476","-0.89807678173769","-1.4082268970761","-3.67176382698853"
"47.5140674846105","0.00894439753938","-0.89853510900333","-1.44564664767341","-3.81250210207975"
"98.6918354729286","0.00028811563429","-0.84124754025207","-1.4808210820508","-3.28869231168922"
"143.406070995046","-0.00760467265201","-0.74908871161217","-1.50839518432489","-2.33434088731718"
"156.516694743014","-0.01441174791742","-0.62678156413635","-1.52437469484784","-1.00555667206552"
"169.374034079975","-0.01999328166921","-0.50366907676072","-1.52669355981684","0.39277445216929"
"173.933243799596","-0.02432948162343","-0.37760890075077","-1.51460510725016","1.87001104456567"
"160.320728985542","-0.02742304271067","-0.25444790093572","-1.48770948097121","3.35541108430676"
"153.896454545862","-0.02938957743205","-0.14996518966903","-1.4468575817605","4.67927952063578"
"160.145846768127","-0.03036463390523","-0.05488710801954","-1.39321069343615","5.92395777704892"
"158.566937703533","-0.03036203631579","0.04536579238076","-1.32681102863747","7.2257206077525"
"147.935317377905","-0.02936229867696","0.14493442201631","-1.24746402160237","8.51618782209745"
"130.413425451079","-0.02741125083995","0.23671711394866","-1.15572620943927","9.71464080950936"
"108.411422335535","-0.02461461203969","0.31561694097194","-1.0528463593295","10.7611685261084"
"78.8525187424518","-0.02111717321065","0.37868844064467","-0.94054676466019","11.6186350561239"
"39.7209306985173","-0.01711183284046","0.41958122081806","-0.82109907249268","12.2174750378235"
"6.27013488295839","-0.01286843034071","0.42948010790147","-0.69759329891721","12.4657047534357"
"-29.7502581653613","-0.0086641462166","0.41425985348698","-0.57321580105041","12.4210567864773"
"-50.5244154308835","-0.00476561380869","0.37103564764671","-0.45104332895785","12.0562438112099"
"-62.2609162174166","-0.00137309359658","0.31425255418347","-0.33345935213442","11.5197274715534"
"-67.5006163589539","0.00142173455821","0.25186588282046","-0.22171272544152","10.8964903186193"
"-73.0385556737443","0.00359201076618","0.18917137513791","-0.11634602880362","10.2455098001672"
"-83.8495091441314","0.00512626523909","0.12463990279759","-0.01768680448297","9.55765723493085"
"-92.1727749594187","0.00597014637565","0.05171407814717","0.07357133066448","8.77378381014414"
"-111.740036956042","0.00604567924879","-0.02854419474742","0.15656641646461","7.91163573164853"
"-76.0681756180585","0.00520903844202","-0.12899384557119","0.22985396963116","6.85069386343604"
"-27.2774167375152","0.00355212314072","-0.19619477296501","0.29443414125388","6.13434615546801"
"22.1267436898369","0.00147192088035","-0.2183042812386","0.35443617085601","5.88740641684621"
"56.4666179701986","-0.00058037438263","-0.19513902486691","0.41457244727323","6.11386515459585"
"80.8834176744055","-0.0022332453062","-0.14135697558265","0.47875653571208","6.66511009225812"
"96.6657826352394","-0.00322989450243","-0.06585769198736","0.54971653630647","7.44702373503869"
"94.2540159753146","-0.00339292768363","0.02417991190042","0.62932278929778","8.38053831520703"
"113.395973759871","-0.0026677169861","0.11227345003838","0.7181372056436","9.29227461288301"
"92.4163551112376","-0.00094540490772","0.22177833235985","0.81717623371151","10.4067801903686"
"77.8540673183575","0.00177853295988","0.31459381515941","0.92631625891495","11.3329379804098"
"62.5983771751016","0.00538282078127","0.3989766353478","1.04407827176777","12.1440982227271"
"55.7942339019602","0.00978850999482","0.47588067827858","1.16931994632561","12.8415298786768"
"39.116081041095","0.01497572746959","0.55528207471809","1.30141072065367","13.5173191844002"
"18.0348997383812","0.02092349003888","0.62881959951476","1.43963249828651","14.0802233354346"
"14.9572737195577","0.0275568531041","0.69350678660205","1.58265342574938","14.4932230534166"
"-31.6435245833442","0.03489341369352","0.7686333834954","1.72999936125217","14.9426464253018"
"-82.7663497883945","0.04280596638249","0.81206668827916","1.87967968336792","15.0002409646313"
"-140.063001365322","0.05095824720722","0.82019893611641","2.02755568727076","14.6254831028752"
"-177.850647693307","0.05896542527694","0.7871388915479","2.16897650787599","13.7583496823515"
"-212.525448539388","0.06652045113598","0.73185788413483","2.30008029439593","12.5914230129414"
"-249.98307468111","0.07341316950799","0.65648494382847","2.41801632417315","11.1511547231437"
"-276.85449655074","0.07942023097625","0.55687676390702","2.51986419356214","9.40322256749733"
"-271.836440046576","0.08434722946621","0.44168628108327","2.60307852742238","7.443879312663"
"-283.58782527628","0.08820014681426","0.34031954018346","2.66722843331303","5.57906772652513"
"-305.910293787953","0.09101446318233","0.23411092026789","2.71228539851984","3.63182824855602"
"-316.406017793781","0.09267275864506","0.11048153563421","2.73679039725766","1.48658493654716"
"-324.172267917023","0.09305193912383","-0.02131741477685","2.7393423922347","-0.75161382092513"
"-323.66682792237","0.09207071720654","-0.16123790338246","2.71908769253664","-3.06911231808026"
"-309.666189538685","0.08967747817591","-0.30391466966472","2.6756066785095","-5.39810898874004"
"-289.805128323809","0.08590237377548","-0.43884346120936","2.60944152731544","-7.61905657799857"
"-266.048972033302","0.08083995028884","-0.56288940914913","2.52191813570108","-9.68716285549336"
"-244.437261380284","0.07460677037053","-0.6746078302453","2.41471045791181","-11.5757602911611"
"-224.192451133436","0.06730236418169","-0.77828441462126","2.28943663042837","-13.3168587993784"
"-219.184398506879","0.05898862940979","-0.87726664728251","2.14744227986483","-14.9338753789703"
"-197.989128090169","0.04961849055413","-0.98866442743697","1.98908054550898","-16.5882954074154"
"-170.796261338622","0.03914493869384","-1.09845834849102","1.81480823687133","-18.1290646899529"
"-124.253873041353","0.02760561414896","-1.2027055812836","1.62603628277737","-19.5061963951896"
"-58.3017210980781","0.01515184719888","-1.28392833735255","1.42541454901924","-20.5351602883406"
"33.8905599218324","0.00211253456206","-1.32409777332611","1.21745439546557","-21.0282891193662"
"129.295785729365","-0.01096161690795","-1.29758310629447","1.00893847374816","-20.7259429011498"
"212.63906811503","-0.02338450919963","-1.20070295103499","0.80800552934844","-19.5938398622965"
"269.43596423007","-0.03451073031109","-1.04386715115748","0.6223268924643","-17.7449839839062"
"301.587157159132","-0.04387224686659","-0.85084152306252","0.4576784813857","-15.4316403217045"
"308.590812225147","-0.051223334908","-0.64265803144118","0.31744404627167","-12.8826028387757"
"301.681351446337","-0.05652849798626","-0.4403939637869","0.20270842046365","-10.3289710479175"
"290.782162645946","-0.05990098550406","-0.25390280054569","0.11286599325898","-7.8893122732948"
"272.329186103583","-0.06149948313073","-0.08340490640805","0.04666413493607","-5.58438322473843"
"247.916233220542","-0.06150615009764","0.06700338835017","0.00243846349929","-3.47211693201092"
"235.183336166215","-0.06013760245815","0.19439643853553","-0.02197877593555","-1.59670415550814"
"226.511361342374","-0.05754566401851","0.31296656565765","-0.02824325570793","0.1712127056225"
"238.895196915104","-0.05378322806086","0.42912090448241","-0.01714138249308","1.88400629834309"
"238.52984233869","-0.04874622680356","0.56620351362729","0.01199532655305","3.7636030883339"
"207.1168124665","-0.04228063497543","0.71421154369791","0.0602090831482","5.69642734296771"
"141.610170851739","-0.03443196640962","0.84498623308738","0.12640522027763","7.38654481685857"
"60.2533653150755","-0.0255461648448","0.9268549187833","0.2063501233959","8.50492682256991"
"-9.78514585549199","-0.01619078141886","0.94538235816006","0.2934958420872","8.89974029583611"
"-74.9523149830641","-0.00693456760796","0.91216626028255","0.38123942216526","8.68526763171256"
"-122.903556914682","0.00172892853643","0.83141225467777","0.46374105058038","7.90685801077087"
"-154.029845395031","0.00941139764972","0.71883917632126","0.53627085141947","6.72932881685445"
"-150.458691753077","0.01587602161922","0.58916941864019","0.59570828483189","5.3106151551871"
"-141.591382010106","0.02112946307211","0.47469164414766","0.64148457761754","3.98576684755593"
"-112.43214267204","0.0253402464579","0.37847144469281","0.67476727261158","2.79662365831878"
"-116.067777513134","0.02879191225354","0.3189445432596","0.69797602162042","1.9367704871528"
"-122.272382581034","0.03166380086669","0.2620631784247","0.71256403618468","1.07202454884711"
"-120.576170314265","0.03396205017745","0.20413559797875","0.71831019175462","0.17108885443064"
"-101.753657319136","0.03571341251142","0.15193442854522","0.71525579404932","-0.69269676568094"
"-92.0623465473911","0.03706357213019","0.12157608442467","0.70468502721866","-1.35319128561831"
"-107.937147681793","0.038177070723","0.10331354381858","0.68811030784028","-1.90477538033015"
"-136.591627430314","0.03903212959379","0.07119287777955","0.66520446480896","-2.60496023576966"
"-154.111559677663","0.03941669016063","0.01179390590608","0.63376297570618","-3.58468887715134"
"-158.881092507043","0.03911319896796","-0.06490828184364","0.5915724965447","-4.73846279539431"
"-143.010692745464","0.03801066099967","-0.14766910793547","0.5375529832642","-5.94638392714148"
"-117.392192711966","0.03615307068735","-0.21746279155437","0.47225289843967","-7.01022405393449"
"-72.0190386043122","0.03371596718821","-0.26589788766781","0.39761029563723","-7.83931168132752"
"-25.1819628778252","0.03101610418911","-0.2741242570077","0.31703169497845","-8.24063486708395"
"22.0505096856339","0.0284622454397","-0.24080817891945","0.23486875319748","-8.20013882489804"
"24.1323881764589","0.02647504610809","-0.16487632925107","0.155576985625","-7.71043024243333"
"-10.8219006286269","0.02523971230206","-0.09007973217602","0.08120262198071","-7.21593328416733"
"-52.1242283680726","0.02454906366819","-0.05207907405529","0.00979605868346","-7.08010517240475"
"-80.4015248655472","0.02400484200189","-0.05649869253727","-0.06255554820294","-7.36282142591106"
"-94.8254224354656","0.02325472891205","-0.09037406055468","-0.13932020236917","-7.93416452354829"
"-118.490480237386","0.02207722952834","-0.14048828956497","-0.22263805113958","-8.65881250599668"
"-132.848092208536","0.0202538988956","-0.21709679780326","-0.31457657506688","-9.63425323933368"
"-141.112383303148","0.01756314631985","-0.312383832723","-0.41717118166049","-10.7749063209242"
"-148.263967927063","0.01384170905473","-0.42212077274459","-0.53178896043","-12.0291865653419"
"-131.862475067834","0.00893958375556","-0.54735122316708","-0.65956312334694","-13.3967474352139"
"-85.2546250439792","0.00281836931702","-0.66689852827956","-0.80039589902937","-14.6538937827474"
"-13.5365542518525","-0.0043115025597","-0.75277555492004","-0.95158385237219","-15.5095396901617"
"45.0373317867309","-0.01198462025387","-0.7814501277181","-1.10777724389584","-15.7203627889134"
"107.286374225404","-0.01970541956567","-0.76668110491547","-1.26327151532025","-15.4208771885037"
"154.493596413436","-0.02701859459383","-0.70454561079847","-1.41275879966197","-14.5732257067186"
"185.6517300093","-0.03352777873392","-0.60897961260156","-1.55155862536475","-13.3224903966803"
"203.075220719277","-0.03897757177782","-0.4942491104348","-1.67647689260392","-11.8203948445301"
"204.330966447171","-0.04323997801997","-0.37188329406539","-1.78569629741226","-10.1933089634177"
"177.964534109875","-0.04631441424851","-0.25565270082147","-1.87879007154738","-8.59085294502184"
"158.535874860761","-0.04840115000385","-0.17086807554618","-1.95745752683852","-7.27746902954753"
"143.875777505237","-0.04976668847303","-0.10889208714827","-2.02415850298445","-6.17523195718165"
"117.446357524962","-0.05060577210101","-0.06372177931017","-2.08070649047652","-5.23026580934689"
"103.454338699547","-0.05114584954566","-0.04622151683469","-2.12929425022048","-4.55563789614548"
"101.970286042971","-0.05159298852569","-0.0436121917655","-2.17193032396667","-4.02533157349867"
"129.74754851189","-0.0520269223188","-0.0433418844535","-2.20936850395007","-3.51412553117775"
"151.349598730712","-0.05231040781583","-0.01616887432199","-2.24019303508088","-2.7297049604226"
"172.504558956267","-0.05220581778733","0.03226919404422","-2.26199839632829","-1.73109723369404"
"191.547706814262","-0.05149804517538","0.10248327923947","-2.27264265240113","-0.51796596184917"
"247.385437436635","-0.04997361023983","0.19375954186104","-2.27005975852533","0.89561697438488"
"264.783833237232","-0.04721021666699","0.34470883310085","-2.25017572005402","2.88656049303679"
"273.632352262701","-0.0428064168616","0.51994908654173","-2.20924806332507","5.08618775793884"
"240.327730442757","-0.03654736505585","0.71444007226576","-2.14556419354618","7.4267588309356"
"188.823966041055","-0.02845147763872","0.8898192176186","-2.0599274458102","9.50584525288299"
"107.953929620725","-0.0187912477776","1.03120319308511","-1.95586132252994","11.1577653481207"
"14.3281235712095","-0.0080533615279","1.11176878808266","-1.83918118045463","12.1011121452444"
"-91.0577786748355","0.00309255848795","1.12015910008343","-1.71763327211281","12.2148923584983"
"-176.661666139724","0.0138617894466","1.04471317651927","-1.60015226591291","11.3819237671701"
"-233.369731147578","0.0235187011368","0.90390281099134","-1.49514636317277","9.7938133722295"
"-279.850830476114","0.03155551786207","0.72409418646123","-1.40864038308121","7.72734258968232"
"-301.365750991853","0.0376204638335","0.51212137141702","-1.34494353352319","5.26817582602589"
"-300.606519758175","0.04150711349657","0.28885617009801","-1.30671960528235","2.64555531287212"
"-293.193385956987","0.04320081656111","0.07215139147106","-1.29450032060671","0.05988982750801"
"-281.232856655979","0.04277975425748","-0.13568479897908","-1.30767181593678","-2.44429793918032"
"-280.025748706006","0.04033453890056","-0.33427344281151","-1.34528615689515","-4.842647756106"
"-243.742656399618","0.03587657663439","-0.53834676987499","-1.40698690138763","-7.26273860807883"
"-167.290639497161","0.02952172713114","-0.71682783153661","-1.49117456474495","-9.3739971853629"
"-81.5088394585911","0.02172755962021","-0.83291157575967","-1.59264751887702","-10.7914364360108"
"2.29668746699177","0.01315664532014","-0.8793851474544","-1.70401591165635","-11.431959667694"
"67.9546816558239","0.00448871552081","-0.85903211967406","-1.81764498982602","-11.3190663888386"
"114.928287804899","-0.003706591435","-0.78962375747496","-1.92699223458179","-10.6322816517966"
"145.69481263897","-0.01103510942788","-0.68857064407354","-2.02731505209234","-9.5521968639481"
"163.147117820702","-0.01725955638334","-0.57019404168718","-2.11552289116382","-8.2316205948614"
"170.021270224834","-0.02226775831113","-0.44555850447278","-2.1898830152295","-6.79257050213801"
"163.610052371291","-0.02604212425065","-0.3228362571079","-2.24972690430572","-5.3288479778038"
"147.503156780681","-0.02866162790398","-0.21292690689641","-2.29547229272979","-3.96135349204506"
"120.557630190219","-0.0302955991018","-0.12336968764178","-2.32855377815335","-2.7762015090438"
"108.182147437672","-0.03119710469572","-0.06324649733638","-2.35134018530748","-1.87292488661477"
"109.256214278686","-0.03157329375718","-0.01676877374978","-2.36581365298328","-1.09973703844761"
"103.211036672536","-0.0314813658003","0.03045423370387","-2.3725090450606","-0.3174582688296"
"99.974879779216","-0.03094793449097","0.07222161584012","-2.37170142506688","0.40733569349013"
"125.221775704191","-0.03000749511981","0.11217005393029","-2.36378809647057","1.1068716070823"
"139.117132505474","-0.02851715673177","0.17962555217524","-2.34743325619717","2.07014250057058"
"174.019042959446","-0.02625741272021","0.26455193974461","-2.32058924584911","3.19026441836168"
"243.087345575999","-0.02292896063456","0.38968904557318","-2.28048687549445","4.68597978819014"
"287.345149074939","-0.01792853369035","0.59178663639285","-2.2214245808352","6.91192386101297"
"263.898610815335","-0.01060227875075","0.84998929055816","-2.13736037675046","9.63988250992677"
"191.617271928364","-0.00073523046214","1.10142655203215","-2.02686701642339","12.2168086800722"
"43.3767559255525","0.01136228637305","1.30187688653417","-1.89401435005874","14.1767842007002"
"-131.00134903933","0.02478343516497","1.37892416696665","-1.74904942782877","14.7772861008444"
"-264.037710037386","0.03816117749755","1.30803597612632","-1.60695028774311","13.7652250440775"
"-350.792884814558","0.0502409774117","1.12973642328887","-1.48157549382886","11.551122564808"
"-398.084707914764","0.06018836156464","0.88732805224404","-1.38246766715003","8.58410151241737"
"-403.841506474636","0.06755523110574","0.61572885741958","-1.31510244398215","5.2365742468452"
"-388.798150468327","0.07224832284878","0.35099284489985","-1.2811513336916","1.89604441615061"
"-371.123556192078","0.07442030325877","0.10843324908623","-1.27955633858743","-1.25770710536381"
"-342.240307776734","0.07427957198917","-0.11431404282151","-1.30844771131952","-4.22398411316176"
"-314.41829373514","0.07206017683987","-0.31064129637599","-1.36546645258991","-6.91433688757333"
"-272.681448164356","0.06799833002535","-0.48555807926592","-1.44802405856158","-9.35938544921101"
"-245.861504115218","0.06236488311081","-0.62865719256904","-1.55300250142469","-11.4377405450088"
"-201.13702557661","0.0553806235899","-0.75757606058767","-1.67763054873743","-13.311901625512"
"-166.796764127798","0.04727176268583","-0.85689423200709","-1.81895159057928","-14.8151706667216"
"-132.810648729194","0.03826678573236","-0.93882085503761","-1.9738777053556","-16.0601239249955"
"-108.291175428022","0.02852910667498","-1.00521690618325","-2.13988640254604","-17.0575500332425"
"-70.1340248488712","0.01815502372762","-1.06678352530709","-2.31505625765389","-17.9080181286344"
"-15.2951359912672","0.00726159387463","-1.11098418240907","-2.49719772983304","-18.4804502564274"
"13.0281390616494","-0.00389028731791","-1.12188626420319","-2.68263437704846","-18.6115749776459"
"74.4520180105196","-0.01511527269843","-1.12627945588092","-2.8684199525038","-18.5678354197228"
"136.732502904046","-0.02616662131747","-1.09107596804062","-3.05098753836787","-18.0183597868938"
"191.802163545062","-0.03664106251464","-1.01483767109863","-3.22522117652315","-16.9519716256382"
"237.190904726102","-0.04616125462637","-0.90345663162157","-3.38631744281559","-15.4346275121717"
"256.689110074041","-0.05441845735296","-0.76459898614236","-3.53024885809031","-13.5534940178683"
"270.149626204361","-0.06126608473651","-0.62151213221198","-3.65473134818707","-11.5543942726558"
"275.064227220477","-0.06667971557732","-0.47743249137872","-3.75884089076571","-9.48372702045789"
"257.123236167034","-0.07068059730397","-0.33802938413523","-3.84225206159613","-7.41243801208323"
"258.402554583636","-0.07342509221787","-0.22326881184547","-3.90613287927997","-5.55420849474037"
"251.022765582738","-0.07504141139851","-0.11170268969575","-3.95149473711099","-3.70578745986206"
"244.084053734674","-0.07559649964461","-0.00971341125312","-3.97884760235934","-1.94215569652003"
"227.600167648288","-0.07517234673906","0.08517846527923","-3.9889578274072","-0.24862021546975"
"213.776049305438","-0.07388157135482","0.16536736150585","-3.98299596397833","1.2892648313431"
"192.834266448874","-0.07184771650537","0.23508516471848","-3.96232797332027","2.70594722239429"
"166.357691097647","-0.06920672054306","0.28861292974492","-3.92851727032501","3.93732602530457"
"152.845948367105","-0.06614483452539","0.32146722334141","-3.88369077046329","4.93331945169138"
"124.828613105743","-0.06279411670544","0.34718628755728","-3.82947359154154","5.82623343221087"
"110.798445362122","-0.05930259158928","0.35178591595187","-3.76767828845417","6.4737040841711"
"105.120779771765","-0.05580414913143","0.34928244983667","-3.69998923965295","7.01555400718077"
"88.8468491725197","-0.05232423465995","0.34795680048767","-3.6270055025803","7.53486844767668"
"79.2814204222987","-0.04890939402809","0.33719108647997","-3.54953506776408","7.92564195656352"
"76.7334301033686","-0.04561827754983","0.32346819385057","-3.46850045808605","8.25377117688953"
"78.7669608441755","-0.04244336051422","0.3135348972864","-3.38414984424554","8.58804479746138"
"82.9593750055163","-0.03932267967739","0.31178489748894","-3.29617546624798","8.97333730791034"
"87.3790919237102","-0.03616281398403","0.32035227207684","-3.20394974084805","9.4311286926095"
"80.3155387346505","-0.03285853769442","0.3396408830362","-3.10673104630943","9.96459646593389"
"74.0501452844929","-0.02936386739083","0.35853233149514","-3.00438430496715","10.4607742984595"
"64.3220648318631","-0.02567635406786","0.37819461213955","-2.89722840740455","10.9294851760553"
"51.6065037226322","-0.0218052553155","0.39554048325918","-2.78571808103735","11.3379778616473"
"37.0687520758687","-0.0177883027172","0.40791045710236","-2.67061054904345","11.6580083635093"
"21.7825914511569","-0.01368390863766","0.41371426714117","-2.55288388195067","11.87250154016"
"6.6012461081325","-0.00956115469092","0.41231003036105","-2.43363119958636","11.9744945832261"
"-7.84083261951618","-0.00549159907808","0.40377186240734","-2.31397204887756","11.9648757256109"
"-10.8066301997468","-0.00154332196861","0.38867243452606","-2.19498592893727","11.8502043222064"
"-4.96939978683881","0.0022797752119","0.37822928281507","-2.0770991873019","11.7439542117507"
"-10.0499548920371","0.0060715614489","0.38106959848934","-1.95974897175266","11.7332800012767"
"-14.9866519503682","0.00990480832385","0.38629571385171","-1.8425800843404","11.7091027530302"
"-29.12572991708","0.01380468811986","0.39415385810047","-1.7257170471749","11.6733690266092"
"-50.2654913325412","0.01774763688061","0.39556891466369","-1.60977790490643","11.5346935891145"
"-74.7973657938438","0.02163095179912","0.38355376321357","-1.49617587362002","11.2231537748828"
"-89.3232764805636","0.02530063342188","0.35448282656926","-1.38683120498274","10.7036924026261"
"-84.1713223940652","0.02863841445428","0.31782677608891","-1.2832863999279","10.0737090276645"
"-70.2513014910096","0.03167292939515","0.29258725432089","-1.18558325147781","9.52657109764145"
"-48.0603610031599","0.03456363305831","0.28704373143989","-1.09242595839507","9.14747357959089"
"-33.0480630327201","0.03755197701856","0.30935444256271","-1.00168455991695","9.01849513042274"
"-16.7000867554317","0.04087886406937","0.35274729871729","-0.91124368416143","9.06984262814734"
"-52.5165413992326","0.04476664681717","0.41938211035543","-0.81920615787247","9.31890136296827"
"-77.3145723207302","0.04916785532913","0.45836939761576","-0.72642786445835","9.25059635666793"
"-116.945239559126","0.0538713310605","0.48152075403067","-0.63545291458733","8.97906542415232"
"-146.995381913795","0.05864028267064","0.47451222952081","-0.54911266760604","8.35871211233387"
"-196.645317527273","0.06322571206492","0.44683210726968","-0.47036852375326","7.48494332261351"
"-228.501886645818","0.06731124541854","0.3784564808151","-0.40284001135111","6.16000085105801"
"-256.253182607365","0.07058104065326","0.28585060117296","-0.3500939521525","4.55516837091639"
"-269.599219465385","0.07280582395632","0.1713118619701","-0.31475103646647","2.70247972221243"
"-259.348314123657","0.07383298613609","0.04691968727281","-0.29856119202854","0.73414288280732"
"-246.807866855952","0.0736794719421","-0.06632939648392","-0.30145692462865","-1.12730436101779"
"-219.41545619988","0.0724565889712","-0.1684230666488","-0.32230779938654","-2.87049356943882"
"-206.902166826164","0.07034575507212","-0.24660367123409","-0.3591748996541","-4.35762254077258"
"-187.179070991808","0.06749592917864","-0.31721942088307","-0.41035661332613","-5.74463700815668"
"-170.368597907085","0.06401449665539","-0.37446723501218","-0.47449522274946","-6.96653600473633"
"-141.369450586136","0.06001290829149","-0.4223550523824","-0.55013036904453","-8.05784111567331"
"-108.521213664158","0.05564638333028","-0.449632734575","-0.63531306504728","-8.90139381934965"
"-86.062435710001","0.05113912529132","-0.45294295504141","-0.72736893458857","-9.46107162666914"
"-83.768086960976","0.046673309569","-0.44268749123756","-0.82403145906684","-9.84066125134203"
"-85.5507684033759","0.04227485479454","-0.43881159742702","-0.92460216593536","-10.2405752773872"
"-82.0278963375398","0.03785803535666","-0.4453273543029","-1.02950614495195","-10.7012737364077"
"-73.1318390383028","0.03334751445275","-0.45706038243616","-1.13906271358016","-11.1704036470757"
"-75.7894195876419","0.02871948614767","-0.4688601095465","-1.25306671190417","-11.5953661049001"
"-76.7928472106683","0.02390844406622","-0.49253409019722","-1.37171825414676","-12.0929458060325"
"-99.4513375958567","0.01880235413656","-0.52689516648872","-1.49566458559857","-12.6489531384778"
"-131.074616938206","0.01317153271018","-0.59433805360482","-1.62669951428037","-13.4836305113146"
"-136.69682517241","0.00662897429463","-0.70518931194159","-1.76813727446804","-14.693439920399"
"-112.00295802844","-0.00112737593","-0.8355307352104","-1.92235372770158","-16.0287146478913"
"-54.8919138306023","-0.0101388680564","-0.9574553623974","-2.08900103626527","-17.1981333308938"
"43.3495676382002","-0.02015567722185","-1.04077589706033","-2.26469948555912","-17.8884221417821"
"149.482652579862","-0.03057484483321","-1.0458958431282","-2.4424416787036","-17.695916693424"
"229.049605517478","-0.04057359855293","-0.96517999143562","-2.61298074545557","-16.5433933189289"
"280.301808202477","-0.04943378571447","-0.82390665303632","-2.76815137316525","-14.6906791703144"
"307.555225067777","-0.05669230794791","-0.64782941669203","-2.90244527799236","-12.4085539282563"
"336.368567294147","-0.06211492321571","-0.45755241871135","-3.01279806435299","-9.92012675946476"
"344.797254187754","-0.06553079927764","-0.247775854752","-3.09695982871375","-7.19110801611517"
"333.801334508526","-0.06683386889682","-0.03462508710574","-3.15352769903905","-4.40362070181772"
"287.472054928423","-0.06607305335695","0.16685967016387","-3.18286131013613","-1.72940603973458"
"236.942852749875","-0.0635358490135","0.32552834330738","-3.18791529537437","0.49980903736555"
"178.85061127427","-0.05965545684449","0.44032633140369","-3.17327960034802","2.25785533318466"
"123.138456415726","-0.05489922774138","0.50590092787226","-3.14401744102591","3.48007173435993"
"73.3543763912902","-0.04973904412201","0.52581129035882","-3.10532142971931","4.19587336027317"
"36.299805281363","-0.0445966951655","0.50627165585614","-3.0619200216885","4.46568985711849"
"16.4098426278299","-0.03979863758108","0.45956010859497","-3.01758406917127","4.41434080952507"
"10.1741485589163","-0.03552702582465","0.4019089373206","-2.97460606603411","4.20869701783652"
"18.4231336095349","-0.03182221231485","0.34585929399495","-2.93380835350993","3.97972046918873"
"25.6243392098956","-0.02859449265772","0.30483393295329","-2.89465738670896","3.86696667665218"
"29.5072235485693","-0.02570396127431","0.27699369665494","-2.85607111762947","3.85605558803405"
"30.3484663273896","-0.02304018936057","0.2584759072979","-2.81722926981135","3.91111892970126"
"28.8343408032289","-0.02052881469061","0.24587302751152","-2.77764993156833","3.99993193431412"
"25.6358701407468","-0.01812509710741","0.23657856990123","-2.73713235594992","4.09769687759203"
"21.3288970883644","-0.01580627747696","0.22872209608737","-2.69568493285014","4.18664592542082"
"16.385258803586","-0.01356494976545","0.22103794581906","-2.65346115583633","4.25491137427937"
"11.1795291975726","-0.01140372919905","0.2127366276168","-2.61070705198977","4.29536407571502"
"5.99954715280175","-0.00933111728887","0.20339208842523","-2.56771959956489","4.3045643431429"
"1.05785429832487","-0.00735839603892","0.19284652364433","-2.52481485880187","4.28185279308966"
"-3.49692039667266","-0.00549738117421","0.18113182291237","-2.48230441693563","4.2285812856339"
"-7.56920028186332","-0.00375887684356","0.1684060951225","-2.44047879134752","4.14747601839418"
"-11.1064077189369","-0.00215169081","0.15490353090244","-2.39959653232331","4.04212152245354"
"-14.0898888828935","-0.00068208669555","0.14089583095741","-2.35987788797173","3.91655272410054"
"-37.1144042638951","0.00064643272773","0.12666347642404","-2.32150202558299","3.77494159934714"
"-53.7058845959672","0.00171966949204","0.091821080164","-2.28574024875204","3.41515703913559"
"-91.8294656662378","0.0023635420278","0.04213817244207","-2.25443728204897","2.89821310873564"
"-123.50588073124","0.00230588886301","-0.04496322843817","-2.23037562921446","2.00355996478532"
"-143.390317530562","0.00119924731073","-0.16472756088806","-2.21702148438839","0.78720907658739"
"-140.762941442848","-0.00123044258597","-0.30767832306163","-2.21700470226408","-0.64449610536211"
"-88.5242278134162","-0.00510603685173","-0.45403331959891","-2.23131460265293","-2.08006054002594"
"-6.36678404803365","-0.01020389949804","-0.55688214828128","-2.25733677696882","-3.03681767448846"
"78.4672708300638","-0.01593591003615","-0.58822995732225","-2.28869487605125","-3.22516918102446"
"140.38890138389","-0.02157701827692","-0.54604306450976","-2.31758134859664","-2.62163638943176"
"189.027468492358","-0.02651501330574","-0.45252730633869","-2.33732384144402","-1.451945240026"
"230.451399054357","-0.03030076444277","-0.31921174123025","-2.34294755668567","0.15972035719319"
"242.465065513693","-0.03256239265649","-0.15073089858766","-2.33036211764234","2.15406050571852"
"234.079219372065","-0.03309236624504","0.02678166634874","-2.2972695811114","4.2534794184483"
"216.568648373797","-0.0318933273003","0.19642688307924","-2.24364394124507","6.2716693530382"
"172.680877001751","-0.02907548275937","0.35243753561993","-2.1707052896976","8.13430800620752"
"115.13294279932","-0.02490317867438","0.47146116337","-2.08137395106497","9.59283294361365"
"62.8354703867285","-0.01980819368229","0.54211219853327","-1.98037656536355","10.5219472597402"
"19.0943372217485","-0.01423722098317","0.57099172821468","-1.87267847848305","10.9807662355561"
"-26.3477681837376","-0.00855727821841","0.56721029652706","-1.76249446499142","11.0575211309229"
"-50.6632511202758","-0.00310433606207","0.52896924307414","-1.65373900580628","10.7346734798876"
"-66.5393290100108","0.00188982391637","0.476710911885","-1.54926305178516","10.2200774241277"
"-77.1304534485787","0.00632616520723","0.4178845050415","-1.45054612343422","9.59321237571092"
"-83.6630753098533","0.01016193596317","0.35664534532144","-1.35845073623039","8.90131356729331"
"-86.9380125706724","0.01338883610864","0.2958677936677","-1.27343634489961","8.17906846224714"
"-67.0325786472715","0.01602288012576","0.23762826206653","-1.19565976267483","7.45315902051257"
"-9.85131437654309","0.01821078880315","0.20402775721682","-1.12391354374166","6.94997596921516"
"64.1785759503309","0.02040015704504","0.23177403364943","-1.05393960826446","7.03938022305091"
"160.393695053801","0.02329909992767","0.33827899357687","-0.9788759465732","7.89258719233172"
"189.814149794455","0.02782723524334","0.54780589484664","-0.88981535477394","9.74161479091179"
"84.7167954522348","0.03466731984681","0.79737879768149","-0.78037542392697","11.9372751235649"
"-79.2299386289102","0.0435053759797","0.95704307897183","-0.65436196734579","13.1571198243323"
"-237.454577671583","0.05313837664618","0.9712299702457","-0.52466884686694","12.8296069004971"
"-336.121271567336","0.06214952430941","0.84645013684982","-0.40641640909908","11.0170719648326"
"-415.417313811942","0.06946732430394","0.64020652726992","-0.31122149717169","8.30560785549921"
"-442.352242139223","0.07436378245675","0.3680086015359","-0.24710453254326","4.87007174168295"
"-404.108963859286","0.07643729823173","0.07659303388265","-0.21858037006367","1.20515141876188"
"-355.842411964127","0.07581924301957","-0.17519138868371","-0.22454165247687","-2.07067133739537"
"-297.850225292054","0.07293160159367","-0.3825353378294","-0.2606978677442","-4.88399278714809"
"-214.345226435002","0.06824840052534","-0.53989544386707","-0.32201055639861","-7.1587958289681"
"-136.415014794534","0.0623916852277","-0.62485270082978","-0.40178257733398","-8.655486335304"
"-19.1781036514788","0.0560457724471","-0.6444216186461","-0.49258149199023","-9.43642479850333"
"85.3830394305607","0.05007818875463","-0.55950302889769","-0.58509919040072","-9.10930709538813"
"186.315501600265","0.04547302230346","-0.38087534504772","-0.66890419823399","-7.79083484313894"
"167.400438954798","0.04316564064944","-0.10859399051004","-0.73419062701719","-5.49934339711352"
"71.9430147323973","0.04346155816083","0.14270188141431","-0.77767772611249","-3.40703951785242"
"-54.8166078950965","0.04575709348208","0.30125367592011","-0.80543177306461","-2.25545227774216"
"-152.664950487479","0.04897145902879","0.33888418345854","-0.8284869627024","-2.34183106548132"
"-216.096982627717","0.05206081162215","0.28535303402231","-0.8576005672063","-3.37272091633102"
"-260.187426846507","0.05429866362225","0.17409533859863","-0.90034547094657","-5.00885741804081"
"-288.127703341752","0.05520296944662","0.02227180341654","-0.96176645216266","-7.06780706272741"
"-347.52286854922","0.0544407476982","-0.15701040682391","-1.04528530128812","-9.40351732194768"
"-400.59533887924","0.05154546490255","-0.398792943188","-1.15549449875084","-12.3485241216947"
"-425.922261282163","0.04590069043474","-0.70170963122606","-1.29827328666661","-15.8649603927147"
"-406.880988789571","0.03701440859906","-1.04420655866762","-1.47798054991872","-19.7070685887542"
"-330.384616030225","0.0246977576287","-1.3886832666795","-1.69562010938532","-23.4652317170506"
"-218.184246571633","0.00921123818038","-1.68405407291505","-1.94736669367483","-26.5957829919059"
"-56.6215260506193","-0.0087869972504","-1.89972540202566","-2.22511608384488","-28.7651942772971"
"101.14998650279","-0.02824961610101","-1.98991637252651","-2.51663672548999","-29.4958699400011"
"271.653741775369","-0.04795444816153","-1.9602820913545","-2.80780594338988","-28.8348214242805"
"400.200012289818","-0.06663625925683","-1.7983659940667","-3.08403165541926","-26.6582763400463"
"494.387458995604","-0.08319429178026","-1.54422152164111","-3.33244097169409","-23.3796057595265"
"553.064255475635","-0.09687462377726","-1.22818623103899","-3.54381538852741","-19.3250779014477"
"575.998370622928","-0.10722224550812","-0.87984598969234","-3.71219952721741","-14.8212407623174"
"570.121351070297","-0.11407109129217","-0.52762364479366","-3.83486420208938","-10.1879915141735"
"542.573931596887","-0.11749780158298","-0.19250065367465","-3.91187364784631","-5.67214073716625"
"499.534941287701","-0.11775058833595","0.11140877487215","-3.94537061048679","-1.45020318631465"
"456.476746778593","-0.11518902567933","0.37534981944434","-3.93894639503452","2.35852277227126"
"409.64750961194","-0.11018210326892","0.60476642954164","-3.89657528595016","5.78196698405573"
"359.674712948108","-0.10306962699039","0.80052364394504","-3.82218430390417","8.80594736073849"
"323.336338429176","-0.09418403121365","0.96326132598351","-3.71983433633955","11.4177808305816"
"287.260518332354","-0.08376436525192","1.10947750114529","-3.59282054082636","13.7673323503378"
"233.460183906496","-0.0719593626111","1.24211934987786","-3.44367882327405","15.8701407516543"
"176.372936087496","-0.05898842747157","1.34589860929167","-3.27578468631392","17.5606721837057"
"94.256981496482","-0.04514841802545","1.41923122073998","-3.09339733068704","18.8136867018245"
"11.5768285460351","-0.03087473075803","1.43818407707042","-2.90223909483274","19.3836025298214"
"-64.1039058603658","-0.01671310076042","1.40226356420484","-2.70917046166495","19.2644159469912"
"-134.763171708802","-0.00317744856731","1.31766831582945","-2.52071726309802","18.5219407962259"
"-171.751922416093","0.00926504243812","1.18783164864276","-2.34287500805828","17.1987646117382"
"-184.953933023508","0.02033500764252","1.04413234455333","-2.17965646446196","15.620695450662"
"-192.631506349066","0.03001033693762","0.9077369298058","-2.03237107028859","14.0129744531915"
"-198.200539474528","0.03838009509448","0.78157776353696","-1.90108161048197","12.4181657271933"
"-186.762457374679","0.04554467598517","0.66532195028624","-1.78560996475328","10.8452865324217"
"-173.080424170181","0.05168385264706","0.5736940768798","-1.68486567737059","9.45293263622508"
"-165.987072475573","0.05704571829401","0.50709573997744","-1.59697325411858","8.25422918901277"
"-185.78519521994","0.06183661938754","0.45759958971381","-1.52039737920389","7.17655310326402"
"-224.846334863218","0.06607454323998","0.39739615239487","-1.45543127788208","5.94663261204756"
"-267.504099412462","0.06954084689778","0.30614117751192","-1.40468331687952","4.36674157848831"
"-290.985191720258","0.07189627944033","0.1785074995929","-1.37189483035648","2.39242512424471"
"-279.925462673795","0.07286877443713","0.03108120345029","-1.36002534069877","0.20224994935545"
"-252.993397122669","0.07243334758173","-0.10470894005666","-1.36942211595314","-1.87453923767083"
"-228.289968028595","0.07077797025342","-0.21578551029735","-1.39815877180045","-3.69354793609279"
"-207.646318336001","0.06812509100753","-0.30656709141269","-1.4438424173925","-5.2880354152488"
"-179.75246256362","0.06464534941892","-0.38287529958193","-1.50450073593856","-6.70734849609157"
"-141.14253488396","0.06051481697474","-0.43895855850325","-1.5780260547979","-7.8864956516541"
"-112.11118753701","0.0559883402463","-0.46517716485787","-1.66145892855021","-8.72366973047532"
"-98.5527451317526","0.05130908655475","-0.47154721907915","-1.75191915638939","-9.31661859142761"
"-75.8445443144766","0.0465898412882","-0.47361838216574","-1.84781743697569","-9.82027348520903"
"-65.5581679190266","0.04192363541102","-0.46226487429435","-1.94775910677688","-10.1432723414263"
"-56.2279046036278","0.03737757941296","-0.44967397521092","-2.05061437158878","-10.4085738238884"
"-56.5511692778258","0.03296014222943","-0.43655316055628","-2.15585208855037","-10.6244983568176"
"-53.5027251988379","0.02862492346445","-0.43231546675806","-2.26350238769031","-10.8863683706491"
"-46.0608365775071","0.02430220406061","-0.43350629028664","-2.37383662510408","-11.1600834939343"
"-35.3295129310862","0.0199618296226","-0.43574720673657","-2.48673187382038","-11.4018000646309"
"-22.5903625136549","0.01561119561236","-0.43578239114504","-2.60168822425919","-11.5787941860894"
"-8.93716883233066","0.01128339479323","-0.43159593745387","-2.71794804308438","-11.6709441529028"
"15.0653978933375","0.00702607651113","-0.42218626911998","-2.83461057138909","-11.6686692398999"
"25.2331551905494","0.00294943007681","-0.3969848861595","-2.95015717107582","-11.4673810479598"
"53.4743507472545","-0.00086238745296","-0.36937644074899","-3.06334699020072","-11.2031825177709"
"64.8939533978377","-0.00428280368741","-0.32068987565145","-3.17254146830045","-10.6923645283679"
"75.0496545271478","-0.00718883058449","-0.26684902118011","-3.27617606035415","-10.0986704568603"
"74.921447279119","-0.00953018283611","-0.20806748741468","-3.37346312680582","-9.42950092555802"
"61.2380783304176","-0.01130785553279","-0.15350783681858","-3.46418276105519","-8.78209273439307"
"49.0747031872728","-0.01263277846926","-0.11569349546573","-3.54926887133753","-8.28683300361206"
"40.6164146452569","-0.01365966791985","-0.09235459145331","-3.63013743207203","-7.92476775502074"
"35.5619707591471","-0.01451010840533","-0.07931489104802","-3.70790263661121","-7.6564883705016"
"33.2073706613796","-0.01526676480513","-0.07290345868631","-3.78330709916051","-7.44662056171048"
"32.8615125115428","-0.0159802477603","-0.07028616720451","-3.85678233114452","-7.26749483867808"
"28.7784653317702","-0.01667709012088","-0.06939685954984","-3.92852347353729","-7.09873735599308"
"27.0853082317267","-0.01739502907378","-0.07396556986098","-3.99883925076286","-6.97768094617792"
"28.1193609237054","-0.01817588537579","-0.08168505354153","-4.06807715709118","-6.88084043078119"
"36.3553168128749","-0.01903692838303","-0.08997199149925","-4.13633316793411","-6.78166441326712"
"44.4320354472237","-0.01994505914688","-0.09176805359039","-4.20319204383523","-6.60885844190335"
"50.9854904265496","-0.0208365494839","-0.08726912814532","-4.2679277776831","-6.36420011600446"
"55.8791557709135","-0.02165645820329","-0.07791494652434","-4.32990378243005","-6.06250497260756"
"59.238508823284","-0.02236444406209","-0.06518636032214","-4.38863638949042","-5.71947591676189"
"71.5420129539295","-0.02293389325388","-0.05037172868029","-4.44379009944297","-5.34922530121958"
"100.324579678078","-0.02329314067213","-0.02421415674266","-4.49459277813496","-4.86076054089721"
"107.51061873761","-0.02323539749946","0.03031932360009","-4.53894243994064","-4.08654404306802"
"93.9948854579698","-0.02259035969107","0.09265407277707","-4.57514255443653","-3.23739535816917"
"66.7952783735792","-0.02138736603831","0.14326557704332","-4.60354965498247","-2.51441030096041"
"42.9652933935661","-0.01981334353725","0.16942831239254","-4.62615007787096","-2.04962342963891"
"24.9626528369146","-0.018091037757","0.17502917549518","-4.6453245243531","-1.8067696345337"
"12.3864280227042","-0.01639306909618","0.16601639158404","-4.66296717940878","-1.72698822552805"
"4.33797473623359","-0.01483644259784","0.14765160173808","-4.68041394362289","-1.7568492060587"
"20.4907767555792","-0.01349157799277","0.12411367262004","-4.69852125150658","-1.8528236878483"
"38.6647693063009","-0.01227935579004","0.11921371948589","-4.71663049796269","-1.77485790764307"
"38.2658599621359","-0.0110030782922","0.13488524096788","-4.73289507405772","-1.50317252165389"
"22.3287359939635","-0.00955797407068","0.1528082059231","-4.74639319895616","-1.22222266171751"
"7.42402558139287","-0.0080052316542","0.15774796333034","-4.75787802925022","-1.08587054184199"
"-8.93432694354375","-0.0064682612412","0.15083570726784","-4.7687350640776","-1.0833020290423"
"-20.2013213470289","-0.00507415205283","0.13047632177872","-4.78038497246162","-1.22976297706644"
"-26.2145520378457","-0.00393130754054","0.10137691145871","-4.79404770371733","-1.47626196198332"
"-38.2421963341523","-0.00310118071956","0.06823640963471","-4.81044942027641","-1.77303483997512"
"-38.9485269270203","-0.00266082966841","0.02436999162464","-4.83044148649903","-2.18357664077884"
"-34.4229811241647","-0.00265969676151","-0.01972628410276","-4.8545611680824","-2.59879987111789"
"-26.9098745911764","-0.0030760086464","-0.05966994922342","-4.88259103898485","-2.97063208710463"
"-12.5437658613836","-0.00385615559084","-0.09324853327742","-4.91395460919968","-3.27307242577534"
"1.13587547535674","-0.00490245543433","-0.11424671693222","-4.94759934324312","-3.44077889869659"
"12.7034428525788","-0.00609535656684","-0.12376599557158","-4.9822280421558","-3.48269138765687"
"22.0085689769399","-0.00733292131409","-0.12411267870574","-5.01670510808435","-3.42090245107818"
"29.1903395583386","-0.00853607685392","-0.11756374857212","-5.05011901484124","-3.27811020591703"
"34.4652547956296","-0.00964697266548","-0.10612108880074","-5.08177365524385","-3.07494185371529"
"38.0729596727202","-0.01062602294085","-0.09147306072736","-5.11116446830698","-2.82937418623953"
